[
{
  "model": "accounts.user",
  "pk": 1,
  "fields": {
    "password": "pbkdf2_sha256$1000000$MmonMlCc4vIJjfNkv2haRe$a4vLjCzF10h8cGFV8G56sLEWFw/U+SCOtGH2gVIOVUk=",
    "last_login": null,
    "is_superuser": true,
    "name": "",
    "surname": "",
    "username": "admin",
    "email": "admin@local.host",
    "is_active": true,
    "is_staff": true,
    "created_at": "2025-09-05T19:05:43.282Z",
    "updated_at": "2025-09-05T19:05:43.282Z",
    "groups": [],
    "user_permissions": []
  }
},
{
  "model": "accounts.user",
  "pk": 2,
  "fields": {
    "password": "pbkdf2_sha256$1000000$QGHS1oR7VwMSbjYGbIL2d4$t5PpVkG9+FTxxdWxO+8pq1MjuSmmm7k64ZxnWSSeoR8=",
    "last_login": null,
    "is_superuser": false,
    "name": "John",
    "surname": "Doe",
    "username": "john_doe",
    "email": "john.doe@local.host",
    "is_active": true,
    "is_staff": false,
    "created_at": "2025-09-05T19:08:05.073Z",
    "updated_at": "2025-09-05T19:08:05.073Z",
    "groups": [],
    "user_permissions": []
  }
},
{
  "model": "accounts.user",
  "pk": 3,
  "fields": {
    "password": "pbkdf2_sha256$1000000$aqSa5LCs1nARMENAsc2b8F$O4VbQ2+dk67yiUol0cazCLscSpJ0qgJ9e4jKjgmopww=",
    "last_login": null,
    "is_superuser": false,
    "name": "Jane",
    "surname": "Doe",
    "username": "jane_doe",
    "email": "jane.doe@local.host",
    "is_active": true,
    "is_staff": false,
    "created_at": "2025-09-05T19:08:30.232Z",
    "updated_at": "2025-09-05T19:08:30.232Z",
    "groups": [],
    "user_permissions": []
  }
},
{
  "model": "accounts.user",
  "pk": 4,
  "fields": {
    "password": "pbkdf2_sha256$1000000$WLZ1ItjLSnlRJFDd4j4Z6L$kjqGiAADca9f0kgF3FlUlnFWE0z+fM+e1miGAZuipAs=",
    "last_login": null,
    "is_superuser": false,
    "name": "Jim",
    "surname": "Beam",
    "username": "jim_beam",
    "email": "jim.beam@local.host",
    "is_active": true,
    "is_staff": false,
    "created_at": "2025-09-05T19:09:05.802Z",
    "updated_at": "2025-09-05T19:09:05.802Z",
    "groups": [],
    "user_permissions": []
  }
},
{
  "model": "accounts.user",
  "pk": 5,
  "fields": {
    "password": "pbkdf2_sha256$1000000$Ldd4wpEJiyJre7jrws6y2Z$CNUW9JTeZeaE/7ODDZYStnXJHOY+fVYBcjS4djsn3tA=",
    "last_login": null,
    "is_superuser": false,
    "name": "Jill",
    "surname": "Hill",
    "username": "jill_hill",
    "email": "jill.hill@local.host",
    "is_active": true,
    "is_staff": false,
    "created_at": "2025-09-05T19:10:18.316Z",
    "updated_at": "2025-09-05T19:10:18.316Z",
    "groups": [],
    "user_permissions": []
  }
},
{
  "model": "accounts.user",
  "pk": 6,
  "fields": {
    "password": "pbkdf2_sha256$1000000$PVTKWyKLkLjK28N7tuWw0l$+GB6LOXfiEdUySki7kSKqlMPArVXSV37Df7KwapJyZM=",
    "last_login": null,
    "is_superuser": false,
    "name": "Jery",
    "surname": "Smith",
    "username": "jery_smith",
    "email": "jery.smith@local.host",
    "is_active": true,
    "is_staff": false,
    "created_at": "2025-09-05T19:10:46.303Z",
    "updated_at": "2025-09-05T19:10:46.303Z",
    "groups": [],
    "user_permissions": []
  }
},
{
  "model": "accounts.user",
  "pk": 7,
  "fields": {
    "password": "pbkdf2_sha256$1000000$aY79vQu7gJVXJsqE0E449g$cusWr+gTQaVB+eJj1wqqF6De1rP2UzzE7ENp89Ox2/s=",
    "last_login": null,
    "is_superuser": false,
    "name": "Jessica",
    "surname": "Jones",
    "username": "jessica_jones",
    "email": "jessica.jones@local.host",
    "is_active": true,
    "is_staff": false,
    "created_at": "2025-09-05T19:11:22.399Z",
    "updated_at": "2025-09-05T19:11:22.399Z",
    "groups": [],
    "user_permissions": []
  }
},
{
  "model": "accounts.user",
  "pk": 8,
  "fields": {
    "password": "pbkdf2_sha256$1000000$RWeiDSpFZu2gxBDzZ6QomC$svofXkWZ84aphYwbr26RMrjmyzyB/FELvAmBN96GJ4w=",
    "last_login": null,
    "is_superuser": false,
    "name": "Jordan",
    "surname": "Brown",
    "username": "jordan_brown",
    "email": "jordan.brown@local.host",
    "is_active": true,
    "is_staff": false,
    "created_at": "2025-09-05T19:11:56.202Z",
    "updated_at": "2025-09-05T19:11:56.202Z",
    "groups": [],
    "user_permissions": []
  }
},
{
  "model": "accounts.user",
  "pk": 9,
  "fields": {
    "password": "pbkdf2_sha256$1000000$53tqC1VMdL7U8FroL3690y$8ziMzHhPb2CyBOUvpn7mdoonqEfJdf8bgF2kManytJg=",
    "last_login": null,
    "is_superuser": false,
    "name": "Joan",
    "surname": "Clark",
    "username": "joan_clark",
    "email": "joan.clark@local.host",
    "is_active": true,
    "is_staff": false,
    "created_at": "2025-09-05T19:12:40.659Z",
    "updated_at": "2025-09-05T19:12:40.659Z",
    "groups": [],
    "user_permissions": []
  }
},
{
  "model": "content.post",
  "pk": 1,
  "fields": {
    "title": "How to Master Django in 30 Days",
    "slug": "how-to-master-django-in-30-days",
    "author": 2,
    "body": "Lorem ipsum dolor sit amet, consectetur adipiscing elit. Donec mi urna, consequat eu magna sed, viverra maximus mi. Nullam rutrum posuere velit, fermentum scelerisque turpis sagittis eget. Integer nec egestas erat, tristique egestas eros. Nullam odio nisl, pharetra at molestie nec, laoreet vel massa. Fusce nec consequat ipsum, non ullamcorper nulla. Phasellus sem purus, pretium nec congue quis, aliquam consequat enim. Class aptent taciti sociosqu ad litora torquent per conubia nostra, per inceptos himenaeos. Nunc ultricies lorem id mauris vehicula tempus. Nam mattis, mauris sed ultricies aliquet, enim massa sollicitudin diam, id rutrum mi ante condimentum ligula. Donec at nisl aliquam dui blandit imperdiet eget id sapien. Nulla facilisi.\r\n\r\nNullam ac luctus neque. Aenean convallis scelerisque egestas. Etiam semper lectus purus, eget consectetur leo tincidunt dapibus. Pellentesque et imperdiet augue. In consequat lorem in quam rutrum, eu tristique dui condimentum. Quisque convallis est quis fringilla sagittis. Pellentesque habitant morbi tristique senectus et netus et malesuada fames ac turpis egestas.\r\n\r\nSuspendisse ullamcorper tincidunt justo quis interdum. Integer in eleifend lacus, et bibendum est. Donec et interdum lacus. Praesent congue pretium est quis ornare. Nulla id nisi arcu. Integer porttitor dignissim turpis id accumsan. Suspendisse euismod, neque eget sagittis convallis, sapien quam ornare sem, at ultrices odio arcu ac justo. Proin risus neque, congue eget faucibus id, cursus non mi. In eu volutpat erat. Sed sed ante accumsan, cursus orci ut, congue lorem. Fusce volutpat viverra est ut viverra.\r\n\r\nUt tellus quam, suscipit consectetur velit eget, luctus dapibus nisl. Donec vitae lobortis libero, sit amet mattis lacus. Curabitur vehicula ac lectus vestibulum suscipit. Pellentesque pharetra laoreet tristique. Phasellus augue magna, vestibulum in nunc ac, hendrerit placerat quam. Suspendisse et eros felis. Mauris porttitor porttitor turpis non facilisis. Pellentesque rhoncus tortor at facilisis ornare. Vestibulum molestie mi eu mollis blandit.\r\n\r\nIn maximus dui tincidunt turpis semper, interdum gravida odio viverra. Phasellus sed turpis congue, viverra nisl pulvinar, tempus felis. Ut volutpat, nulla vitae euismod tristique, leo lectus sagittis turpis, quis venenatis nunc dui posuere arcu. Praesent in velit at magna bibendum luctus eu et metus. Vestibulum cursus velit ac tincidunt semper. Curabitur feugiat lorem a libero pretium, porta rhoncus massa placerat. In auctor ultrices tellus, vel suscipit libero. Vestibulum ante ipsum primis in faucibus orci luctus et ultrices posuere cubilia curae; Nunc non nisl id libero egestas porta. Etiam pretium, diam quis blandit malesuada, nulla nisi congue purus, molestie maximus mi libero eu lorem. Sed id finibus lacus, ut ornare eros. Fusce eget quam vel quam posuere scelerisque a viverra elit. Donec volutpat eget quam non cursus. Vivamus quis lorem eu sem pretium gravida vitae quis orci.",
    "publish": "2025-09-05T19:38:16.491Z",
    "created_at": "2025-09-05T19:38:16.491Z",
    "updated_at": "2025-09-05T19:38:16.491Z",
    "likes": 7,
    "dislikes": 0,
    "comments_count": 4,
    "status": "published",
    "users_liked": [
      3,
      4,
      5,
      6,
      7,
      8,
      9
    ],
    "users_disliked": []
  }
},
{
  "model": "content.post",
  "pk": 2,
  "fields": {
    "title": "10 Tips for Writing Clean Python Code",
    "slug": "10-tips-for-writing-clean-python-code",
    "author": 3,
    "body": "Lorem ipsum dolor sit amet, consectetur adipiscing elit. Donec mi urna, consequat eu magna sed, viverra maximus mi. Nullam rutrum posuere velit, fermentum scelerisque turpis sagittis eget. Integer nec egestas erat, tristique egestas eros. Nullam odio nisl, pharetra at molestie nec, laoreet vel massa. Fusce nec consequat ipsum, non ullamcorper nulla. Phasellus sem purus, pretium nec congue quis, aliquam consequat enim. Class aptent taciti sociosqu ad litora torquent per conubia nostra, per inceptos himenaeos. Nunc ultricies lorem id mauris vehicula tempus. Nam mattis, mauris sed ultricies aliquet, enim massa sollicitudin diam, id rutrum mi ante condimentum ligula. Donec at nisl aliquam dui blandit imperdiet eget id sapien. Nulla facilisi.\r\n\r\nNullam ac luctus neque. Aenean convallis scelerisque egestas. Etiam semper lectus purus, eget consectetur leo tincidunt dapibus. Pellentesque et imperdiet augue. In consequat lorem in quam rutrum, eu tristique dui condimentum. Quisque convallis est quis fringilla sagittis. Pellentesque habitant morbi tristique senectus et netus et malesuada fames ac turpis egestas.\r\n\r\nSuspendisse ullamcorper tincidunt justo quis interdum. Integer in eleifend lacus, et bibendum est. Donec et interdum lacus. Praesent congue pretium est quis ornare. Nulla id nisi arcu. Integer porttitor dignissim turpis id accumsan. Suspendisse euismod, neque eget sagittis convallis, sapien quam ornare sem, at ultrices odio arcu ac justo. Proin risus neque, congue eget faucibus id, cursus non mi. In eu volutpat erat. Sed sed ante accumsan, cursus orci ut, congue lorem. Fusce volutpat viverra est ut viverra.\r\n\r\nUt tellus quam, suscipit consectetur velit eget, luctus dapibus nisl. Donec vitae lobortis libero, sit amet mattis lacus. Curabitur vehicula ac lectus vestibulum suscipit. Pellentesque pharetra laoreet tristique. Phasellus augue magna, vestibulum in nunc ac, hendrerit placerat quam. Suspendisse et eros felis. Mauris porttitor porttitor turpis non facilisis. Pellentesque rhoncus tortor at facilisis ornare. Vestibulum molestie mi eu mollis blandit.\r\n\r\nIn maximus dui tincidunt turpis semper, interdum gravida odio viverra. Phasellus sed turpis congue, viverra nisl pulvinar, tempus felis. Ut volutpat, nulla vitae euismod tristique, leo lectus sagittis turpis, quis venenatis nunc dui posuere arcu. Praesent in velit at magna bibendum luctus eu et metus. Vestibulum cursus velit ac tincidunt semper. Curabitur feugiat lorem a libero pretium, porta rhoncus massa placerat. In auctor ultrices tellus, vel suscipit libero. Vestibulum ante ipsum primis in faucibus orci luctus et ultrices posuere cubilia curae; Nunc non nisl id libero egestas porta. Etiam pretium, diam quis blandit malesuada, nulla nisi congue purus, molestie maximus mi libero eu lorem. Sed id finibus lacus, ut ornare eros. Fusce eget quam vel quam posuere scelerisque a viverra elit. Donec volutpat eget quam non cursus. Vivamus quis lorem eu sem pretium gravida vitae quis orci.",
    "publish": "2025-09-05T19:39:29.247Z",
    "created_at": "2025-09-05T19:39:29.247Z",
    "updated_at": "2025-09-05T19:39:29.247Z",
    "likes": 3,
    "dislikes": 0,
    "comments_count": 2,
    "status": "published",
    "users_liked": [
      2,
      5,
      8
    ],
    "users_disliked": []
  }
},
{
  "model": "content.post",
  "pk": 3,
  "fields": {
    "title": "Understanding REST APIs with Django REST Framework",
    "slug": "understanding-rest-apis-with-django-rest-framework",
    "author": 4,
    "body": "Lorem ipsum dolor sit amet, consectetur adipiscing elit. Donec mi urna, consequat eu magna sed, viverra maximus mi. Nullam rutrum posuere velit, fermentum scelerisque turpis sagittis eget. Integer nec egestas erat, tristique egestas eros. Nullam odio nisl, pharetra at molestie nec, laoreet vel massa. Fusce nec consequat ipsum, non ullamcorper nulla. Phasellus sem purus, pretium nec congue quis, aliquam consequat enim. Class aptent taciti sociosqu ad litora torquent per conubia nostra, per inceptos himenaeos. Nunc ultricies lorem id mauris vehicula tempus. Nam mattis, mauris sed ultricies aliquet, enim massa sollicitudin diam, id rutrum mi ante condimentum ligula. Donec at nisl aliquam dui blandit imperdiet eget id sapien. Nulla facilisi.\r\n\r\nNullam ac luctus neque. Aenean convallis scelerisque egestas. Etiam semper lectus purus, eget consectetur leo tincidunt dapibus. Pellentesque et imperdiet augue. In consequat lorem in quam rutrum, eu tristique dui condimentum. Quisque convallis est quis fringilla sagittis. Pellentesque habitant morbi tristique senectus et netus et malesuada fames ac turpis egestas.\r\n\r\nSuspendisse ullamcorper tincidunt justo quis interdum. Integer in eleifend lacus, et bibendum est. Donec et interdum lacus. Praesent congue pretium est quis ornare. Nulla id nisi arcu. Integer porttitor dignissim turpis id accumsan. Suspendisse euismod, neque eget sagittis convallis, sapien quam ornare sem, at ultrices odio arcu ac justo. Proin risus neque, congue eget faucibus id, cursus non mi. In eu volutpat erat. Sed sed ante accumsan, cursus orci ut, congue lorem. Fusce volutpat viverra est ut viverra.\r\n\r\nUt tellus quam, suscipit consectetur velit eget, luctus dapibus nisl. Donec vitae lobortis libero, sit amet mattis lacus. Curabitur vehicula ac lectus vestibulum suscipit. Pellentesque pharetra laoreet tristique. Phasellus augue magna, vestibulum in nunc ac, hendrerit placerat quam. Suspendisse et eros felis. Mauris porttitor porttitor turpis non facilisis. Pellentesque rhoncus tortor at facilisis ornare. Vestibulum molestie mi eu mollis blandit.\r\n\r\nIn maximus dui tincidunt turpis semper, interdum gravida odio viverra. Phasellus sed turpis congue, viverra nisl pulvinar, tempus felis. Ut volutpat, nulla vitae euismod tristique, leo lectus sagittis turpis, quis venenatis nunc dui posuere arcu. Praesent in velit at magna bibendum luctus eu et metus. Vestibulum cursus velit ac tincidunt semper. Curabitur feugiat lorem a libero pretium, porta rhoncus massa placerat. In auctor ultrices tellus, vel suscipit libero. Vestibulum ante ipsum primis in faucibus orci luctus et ultrices posuere cubilia curae; Nunc non nisl id libero egestas porta. Etiam pretium, diam quis blandit malesuada, nulla nisi congue purus, molestie maximus mi libero eu lorem. Sed id finibus lacus, ut ornare eros. Fusce eget quam vel quam posuere scelerisque a viverra elit. Donec volutpat eget quam non cursus. Vivamus quis lorem eu sem pretium gravida vitae quis orci.",
    "publish": "2025-09-05T19:40:39.605Z",
    "created_at": "2025-09-05T19:40:39.605Z",
    "updated_at": "2025-09-05T20:10:15.388Z",
    "likes": 5,
    "dislikes": 1,
    "comments_count": 1,
    "status": "published",
    "users_liked": [
      3,
      4,
      6,
      7,
      8
    ],
    "users_disliked": [
      2
    ]
  }
},
{
  "model": "content.post",
  "pk": 4,
  "fields": {
    "title": "Deploying Django Projects with Docker and Nginx",
    "slug": "deploying-django-projects-with-docker-and-nginx",
    "author": 5,
    "body": "Lorem ipsum dolor sit amet, consectetur adipiscing elit. Donec mi urna, consequat eu magna sed, viverra maximus mi. Nullam rutrum posuere velit, fermentum scelerisque turpis sagittis eget. Integer nec egestas erat, tristique egestas eros. Nullam odio nisl, pharetra at molestie nec, laoreet vel massa. Fusce nec consequat ipsum, non ullamcorper nulla. Phasellus sem purus, pretium nec congue quis, aliquam consequat enim. Class aptent taciti sociosqu ad litora torquent per conubia nostra, per inceptos himenaeos. Nunc ultricies lorem id mauris vehicula tempus. Nam mattis, mauris sed ultricies aliquet, enim massa sollicitudin diam, id rutrum mi ante condimentum ligula. Donec at nisl aliquam dui blandit imperdiet eget id sapien. Nulla facilisi.\r\n\r\nNullam ac luctus neque. Aenean convallis scelerisque egestas. Etiam semper lectus purus, eget consectetur leo tincidunt dapibus. Pellentesque et imperdiet augue. In consequat lorem in quam rutrum, eu tristique dui condimentum. Quisque convallis est quis fringilla sagittis. Pellentesque habitant morbi tristique senectus et netus et malesuada fames ac turpis egestas.\r\n\r\nSuspendisse ullamcorper tincidunt justo quis interdum. Integer in eleifend lacus, et bibendum est. Donec et interdum lacus. Praesent congue pretium est quis ornare. Nulla id nisi arcu. Integer porttitor dignissim turpis id accumsan. Suspendisse euismod, neque eget sagittis convallis, sapien quam ornare sem, at ultrices odio arcu ac justo. Proin risus neque, congue eget faucibus id, cursus non mi. In eu volutpat erat. Sed sed ante accumsan, cursus orci ut, congue lorem. Fusce volutpat viverra est ut viverra.\r\n\r\nUt tellus quam, suscipit consectetur velit eget, luctus dapibus nisl. Donec vitae lobortis libero, sit amet mattis lacus. Curabitur vehicula ac lectus vestibulum suscipit. Pellentesque pharetra laoreet tristique. Phasellus augue magna, vestibulum in nunc ac, hendrerit placerat quam. Suspendisse et eros felis. Mauris porttitor porttitor turpis non facilisis. Pellentesque rhoncus tortor at facilisis ornare. Vestibulum molestie mi eu mollis blandit.\r\n\r\nIn maximus dui tincidunt turpis semper, interdum gravida odio viverra. Phasellus sed turpis congue, viverra nisl pulvinar, tempus felis. Ut volutpat, nulla vitae euismod tristique, leo lectus sagittis turpis, quis venenatis nunc dui posuere arcu. Praesent in velit at magna bibendum luctus eu et metus. Vestibulum cursus velit ac tincidunt semper. Curabitur feugiat lorem a libero pretium, porta rhoncus massa placerat. In auctor ultrices tellus, vel suscipit libero. Vestibulum ante ipsum primis in faucibus orci luctus et ultrices posuere cubilia curae; Nunc non nisl id libero egestas porta. Etiam pretium, diam quis blandit malesuada, nulla nisi congue purus, molestie maximus mi libero eu lorem. Sed id finibus lacus, ut ornare eros. Fusce eget quam vel quam posuere scelerisque a viverra elit. Donec volutpat eget quam non cursus. Vivamus quis lorem eu sem pretium gravida vitae quis orci.",
    "publish": "2025-09-05T19:41:38.724Z",
    "created_at": "2025-09-05T19:41:38.725Z",
    "updated_at": "2025-09-05T19:41:38.725Z",
    "likes": 2,
    "dislikes": 0,
    "comments_count": 3,
    "status": "published",
    "users_liked": [
      2,
      5
    ],
    "users_disliked": []
  }
},
{
  "model": "content.post",
  "pk": 5,
  "fields": {
    "title": "How to Use Redis for Caching in Django",
    "slug": "how-to-use-redis-for-caching-in-django",
    "author": 6,
    "body": "Lorem ipsum dolor sit amet, consectetur adipiscing elit. Donec mi urna, consequat eu magna sed, viverra maximus mi. Nullam rutrum posuere velit, fermentum scelerisque turpis sagittis eget. Integer nec egestas erat, tristique egestas eros. Nullam odio nisl, pharetra at molestie nec, laoreet vel massa. Fusce nec consequat ipsum, non ullamcorper nulla. Phasellus sem purus, pretium nec congue quis, aliquam consequat enim. Class aptent taciti sociosqu ad litora torquent per conubia nostra, per inceptos himenaeos. Nunc ultricies lorem id mauris vehicula tempus. Nam mattis, mauris sed ultricies aliquet, enim massa sollicitudin diam, id rutrum mi ante condimentum ligula. Donec at nisl aliquam dui blandit imperdiet eget id sapien. Nulla facilisi.\r\n\r\nNullam ac luctus neque. Aenean convallis scelerisque egestas. Etiam semper lectus purus, eget consectetur leo tincidunt dapibus. Pellentesque et imperdiet augue. In consequat lorem in quam rutrum, eu tristique dui condimentum. Quisque convallis est quis fringilla sagittis. Pellentesque habitant morbi tristique senectus et netus et malesuada fames ac turpis egestas.\r\n\r\nSuspendisse ullamcorper tincidunt justo quis interdum. Integer in eleifend lacus, et bibendum est. Donec et interdum lacus. Praesent congue pretium est quis ornare. Nulla id nisi arcu. Integer porttitor dignissim turpis id accumsan. Suspendisse euismod, neque eget sagittis convallis, sapien quam ornare sem, at ultrices odio arcu ac justo. Proin risus neque, congue eget faucibus id, cursus non mi. In eu volutpat erat. Sed sed ante accumsan, cursus orci ut, congue lorem. Fusce volutpat viverra est ut viverra.\r\n\r\nUt tellus quam, suscipit consectetur velit eget, luctus dapibus nisl. Donec vitae lobortis libero, sit amet mattis lacus. Curabitur vehicula ac lectus vestibulum suscipit. Pellentesque pharetra laoreet tristique. Phasellus augue magna, vestibulum in nunc ac, hendrerit placerat quam. Suspendisse et eros felis. Mauris porttitor porttitor turpis non facilisis. Pellentesque rhoncus tortor at facilisis ornare. Vestibulum molestie mi eu mollis blandit.\r\n\r\nIn maximus dui tincidunt turpis semper, interdum gravida odio viverra. Phasellus sed turpis congue, viverra nisl pulvinar, tempus felis. Ut volutpat, nulla vitae euismod tristique, leo lectus sagittis turpis, quis venenatis nunc dui posuere arcu. Praesent in velit at magna bibendum luctus eu et metus. Vestibulum cursus velit ac tincidunt semper. Curabitur feugiat lorem a libero pretium, porta rhoncus massa placerat. In auctor ultrices tellus, vel suscipit libero. Vestibulum ante ipsum primis in faucibus orci luctus et ultrices posuere cubilia curae; Nunc non nisl id libero egestas porta. Etiam pretium, diam quis blandit malesuada, nulla nisi congue purus, molestie maximus mi libero eu lorem. Sed id finibus lacus, ut ornare eros. Fusce eget quam vel quam posuere scelerisque a viverra elit. Donec volutpat eget quam non cursus. Vivamus quis lorem eu sem pretium gravida vitae quis orci.",
    "publish": "2025-09-05T19:42:36.222Z",
    "created_at": "2025-09-05T19:42:36.222Z",
    "updated_at": "2025-09-05T20:10:25.978Z",
    "likes": 4,
    "dislikes": 1,
    "comments_count": 0,
    "status": "published",
    "users_liked": [
      3,
      4,
      7,
      9
    ],
    "users_disliked": [
      2
    ]
  }
},
{
  "model": "content.post",
  "pk": 6,
  "fields": {
    "title": "Building a Blog from Scratch with Django",
    "slug": "building-a-blog-from-scratch-with-django",
    "author": 7,
    "body": "Lorem ipsum dolor sit amet, consectetur adipiscing elit. Donec mi urna, consequat eu magna sed, viverra maximus mi. Nullam rutrum posuere velit, fermentum scelerisque turpis sagittis eget. Integer nec egestas erat, tristique egestas eros. Nullam odio nisl, pharetra at molestie nec, laoreet vel massa. Fusce nec consequat ipsum, non ullamcorper nulla. Phasellus sem purus, pretium nec congue quis, aliquam consequat enim. Class aptent taciti sociosqu ad litora torquent per conubia nostra, per inceptos himenaeos. Nunc ultricies lorem id mauris vehicula tempus. Nam mattis, mauris sed ultricies aliquet, enim massa sollicitudin diam, id rutrum mi ante condimentum ligula. Donec at nisl aliquam dui blandit imperdiet eget id sapien. Nulla facilisi.\r\n\r\nNullam ac luctus neque. Aenean convallis scelerisque egestas. Etiam semper lectus purus, eget consectetur leo tincidunt dapibus. Pellentesque et imperdiet augue. In consequat lorem in quam rutrum, eu tristique dui condimentum. Quisque convallis est quis fringilla sagittis. Pellentesque habitant morbi tristique senectus et netus et malesuada fames ac turpis egestas.\r\n\r\nSuspendisse ullamcorper tincidunt justo quis interdum. Integer in eleifend lacus, et bibendum est. Donec et interdum lacus. Praesent congue pretium est quis ornare. Nulla id nisi arcu. Integer porttitor dignissim turpis id accumsan. Suspendisse euismod, neque eget sagittis convallis, sapien quam ornare sem, at ultrices odio arcu ac justo. Proin risus neque, congue eget faucibus id, cursus non mi. In eu volutpat erat. Sed sed ante accumsan, cursus orci ut, congue lorem. Fusce volutpat viverra est ut viverra.\r\n\r\nUt tellus quam, suscipit consectetur velit eget, luctus dapibus nisl. Donec vitae lobortis libero, sit amet mattis lacus. Curabitur vehicula ac lectus vestibulum suscipit. Pellentesque pharetra laoreet tristique. Phasellus augue magna, vestibulum in nunc ac, hendrerit placerat quam. Suspendisse et eros felis. Mauris porttitor porttitor turpis non facilisis. Pellentesque rhoncus tortor at facilisis ornare. Vestibulum molestie mi eu mollis blandit.\r\n\r\nIn maximus dui tincidunt turpis semper, interdum gravida odio viverra. Phasellus sed turpis congue, viverra nisl pulvinar, tempus felis. Ut volutpat, nulla vitae euismod tristique, leo lectus sagittis turpis, quis venenatis nunc dui posuere arcu. Praesent in velit at magna bibendum luctus eu et metus. Vestibulum cursus velit ac tincidunt semper. Curabitur feugiat lorem a libero pretium, porta rhoncus massa placerat. In auctor ultrices tellus, vel suscipit libero. Vestibulum ante ipsum primis in faucibus orci luctus et ultrices posuere cubilia curae; Nunc non nisl id libero egestas porta. Etiam pretium, diam quis blandit malesuada, nulla nisi congue purus, molestie maximus mi libero eu lorem. Sed id finibus lacus, ut ornare eros. Fusce eget quam vel quam posuere scelerisque a viverra elit. Donec volutpat eget quam non cursus. Vivamus quis lorem eu sem pretium gravida vitae quis orci.",
    "publish": "2025-09-05T19:43:51.263Z",
    "created_at": "2025-09-05T19:43:51.264Z",
    "updated_at": "2025-09-05T19:43:51.264Z",
    "likes": 2,
    "dislikes": 0,
    "comments_count": 0,
    "status": "published",
    "users_liked": [
      2,
      6
    ],
    "users_disliked": []
  }
},
{
  "model": "content.post",
  "pk": 7,
  "fields": {
    "title": "Python Tricks Every Developer Should Know",
    "slug": "python-tricks-every-developer-should-know",
    "author": 8,
    "body": "Lorem ipsum dolor sit amet, consectetur adipiscing elit. Donec mi urna, consequat eu magna sed, viverra maximus mi. Nullam rutrum posuere velit, fermentum scelerisque turpis sagittis eget. Integer nec egestas erat, tristique egestas eros. Nullam odio nisl, pharetra at molestie nec, laoreet vel massa. Fusce nec consequat ipsum, non ullamcorper nulla. Phasellus sem purus, pretium nec congue quis, aliquam consequat enim. Class aptent taciti sociosqu ad litora torquent per conubia nostra, per inceptos himenaeos. Nunc ultricies lorem id mauris vehicula tempus. Nam mattis, mauris sed ultricies aliquet, enim massa sollicitudin diam, id rutrum mi ante condimentum ligula. Donec at nisl aliquam dui blandit imperdiet eget id sapien. Nulla facilisi.\r\n\r\nNullam ac luctus neque. Aenean convallis scelerisque egestas. Etiam semper lectus purus, eget consectetur leo tincidunt dapibus. Pellentesque et imperdiet augue. In consequat lorem in quam rutrum, eu tristique dui condimentum. Quisque convallis est quis fringilla sagittis. Pellentesque habitant morbi tristique senectus et netus et malesuada fames ac turpis egestas.\r\n\r\nSuspendisse ullamcorper tincidunt justo quis interdum. Integer in eleifend lacus, et bibendum est. Donec et interdum lacus. Praesent congue pretium est quis ornare. Nulla id nisi arcu. Integer porttitor dignissim turpis id accumsan. Suspendisse euismod, neque eget sagittis convallis, sapien quam ornare sem, at ultrices odio arcu ac justo. Proin risus neque, congue eget faucibus id, cursus non mi. In eu volutpat erat. Sed sed ante accumsan, cursus orci ut, congue lorem. Fusce volutpat viverra est ut viverra.\r\n\r\nUt tellus quam, suscipit consectetur velit eget, luctus dapibus nisl. Donec vitae lobortis libero, sit amet mattis lacus. Curabitur vehicula ac lectus vestibulum suscipit. Pellentesque pharetra laoreet tristique. Phasellus augue magna, vestibulum in nunc ac, hendrerit placerat quam. Suspendisse et eros felis. Mauris porttitor porttitor turpis non facilisis. Pellentesque rhoncus tortor at facilisis ornare. Vestibulum molestie mi eu mollis blandit.\r\n\r\nIn maximus dui tincidunt turpis semper, interdum gravida odio viverra. Phasellus sed turpis congue, viverra nisl pulvinar, tempus felis. Ut volutpat, nulla vitae euismod tristique, leo lectus sagittis turpis, quis venenatis nunc dui posuere arcu. Praesent in velit at magna bibendum luctus eu et metus. Vestibulum cursus velit ac tincidunt semper. Curabitur feugiat lorem a libero pretium, porta rhoncus massa placerat. In auctor ultrices tellus, vel suscipit libero. Vestibulum ante ipsum primis in faucibus orci luctus et ultrices posuere cubilia curae; Nunc non nisl id libero egestas porta. Etiam pretium, diam quis blandit malesuada, nulla nisi congue purus, molestie maximus mi libero eu lorem. Sed id finibus lacus, ut ornare eros. Fusce eget quam vel quam posuere scelerisque a viverra elit. Donec volutpat eget quam non cursus. Vivamus quis lorem eu sem pretium gravida vitae quis orci.",
    "publish": "2025-09-05T19:45:00.076Z",
    "created_at": "2025-09-05T19:45:00.076Z",
    "updated_at": "2025-09-05T20:10:39.302Z",
    "likes": 4,
    "dislikes": 1,
    "comments_count": 2,
    "status": "published",
    "users_liked": [
      4,
      5,
      8,
      9
    ],
    "users_disliked": [
      2
    ]
  }
},
{
  "model": "content.post",
  "pk": 8,
  "fields": {
    "title": "Optimizing Django Queries for Better Perfomance",
    "slug": "optimizing-django-queries-for-better-perfomance",
    "author": 9,
    "body": "Lorem ipsum dolor sit amet, consectetur adipiscing elit. Donec mi urna, consequat eu magna sed, viverra maximus mi. Nullam rutrum posuere velit, fermentum scelerisque turpis sagittis eget. Integer nec egestas erat, tristique egestas eros. Nullam odio nisl, pharetra at molestie nec, laoreet vel massa. Fusce nec consequat ipsum, non ullamcorper nulla. Phasellus sem purus, pretium nec congue quis, aliquam consequat enim. Class aptent taciti sociosqu ad litora torquent per conubia nostra, per inceptos himenaeos. Nunc ultricies lorem id mauris vehicula tempus. Nam mattis, mauris sed ultricies aliquet, enim massa sollicitudin diam, id rutrum mi ante condimentum ligula. Donec at nisl aliquam dui blandit imperdiet eget id sapien. Nulla facilisi.\r\n\r\nNullam ac luctus neque. Aenean convallis scelerisque egestas. Etiam semper lectus purus, eget consectetur leo tincidunt dapibus. Pellentesque et imperdiet augue. In consequat lorem in quam rutrum, eu tristique dui condimentum. Quisque convallis est quis fringilla sagittis. Pellentesque habitant morbi tristique senectus et netus et malesuada fames ac turpis egestas.\r\n\r\nSuspendisse ullamcorper tincidunt justo quis interdum. Integer in eleifend lacus, et bibendum est. Donec et interdum lacus. Praesent congue pretium est quis ornare. Nulla id nisi arcu. Integer porttitor dignissim turpis id accumsan. Suspendisse euismod, neque eget sagittis convallis, sapien quam ornare sem, at ultrices odio arcu ac justo. Proin risus neque, congue eget faucibus id, cursus non mi. In eu volutpat erat. Sed sed ante accumsan, cursus orci ut, congue lorem. Fusce volutpat viverra est ut viverra.\r\n\r\nUt tellus quam, suscipit consectetur velit eget, luctus dapibus nisl. Donec vitae lobortis libero, sit amet mattis lacus. Curabitur vehicula ac lectus vestibulum suscipit. Pellentesque pharetra laoreet tristique. Phasellus augue magna, vestibulum in nunc ac, hendrerit placerat quam. Suspendisse et eros felis. Mauris porttitor porttitor turpis non facilisis. Pellentesque rhoncus tortor at facilisis ornare. Vestibulum molestie mi eu mollis blandit.\r\n\r\nIn maximus dui tincidunt turpis semper, interdum gravida odio viverra. Phasellus sed turpis congue, viverra nisl pulvinar, tempus felis. Ut volutpat, nulla vitae euismod tristique, leo lectus sagittis turpis, quis venenatis nunc dui posuere arcu. Praesent in velit at magna bibendum luctus eu et metus. Vestibulum cursus velit ac tincidunt semper. Curabitur feugiat lorem a libero pretium, porta rhoncus massa placerat. In auctor ultrices tellus, vel suscipit libero. Vestibulum ante ipsum primis in faucibus orci luctus et ultrices posuere cubilia curae; Nunc non nisl id libero egestas porta. Etiam pretium, diam quis blandit malesuada, nulla nisi congue purus, molestie maximus mi libero eu lorem. Sed id finibus lacus, ut ornare eros. Fusce eget quam vel quam posuere scelerisque a viverra elit. Donec volutpat eget quam non cursus. Vivamus quis lorem eu sem pretium gravida vitae quis orci.",
    "publish": "2025-09-05T19:46:09.551Z",
    "created_at": "2025-09-05T19:46:09.551Z",
    "updated_at": "2025-09-05T19:46:09.551Z",
    "likes": 1,
    "dislikes": 0,
    "comments_count": 0,
    "status": "published",
    "users_liked": [
      2
    ],
    "users_disliked": []
  }
},
{
  "model": "content.post",
  "pk": 9,
  "fields": {
    "title": "Getting Started with Next.js and Django",
    "slug": "getting-started-with-nextjs-and-django",
    "author": 2,
    "body": "Lorem ipsum dolor sit amet, consectetur adipiscing elit. Donec mi urna, consequat eu magna sed, viverra maximus mi. Nullam rutrum posuere velit, fermentum scelerisque turpis sagittis eget. Integer nec egestas erat, tristique egestas eros. Nullam odio nisl, pharetra at molestie nec, laoreet vel massa. Fusce nec consequat ipsum, non ullamcorper nulla. Phasellus sem purus, pretium nec congue quis, aliquam consequat enim. Class aptent taciti sociosqu ad litora torquent per conubia nostra, per inceptos himenaeos. Nunc ultricies lorem id mauris vehicula tempus. Nam mattis, mauris sed ultricies aliquet, enim massa sollicitudin diam, id rutrum mi ante condimentum ligula. Donec at nisl aliquam dui blandit imperdiet eget id sapien. Nulla facilisi.\r\n\r\nNullam ac luctus neque. Aenean convallis scelerisque egestas. Etiam semper lectus purus, eget consectetur leo tincidunt dapibus. Pellentesque et imperdiet augue. In consequat lorem in quam rutrum, eu tristique dui condimentum. Quisque convallis est quis fringilla sagittis. Pellentesque habitant morbi tristique senectus et netus et malesuada fames ac turpis egestas.\r\n\r\nSuspendisse ullamcorper tincidunt justo quis interdum. Integer in eleifend lacus, et bibendum est. Donec et interdum lacus. Praesent congue pretium est quis ornare. Nulla id nisi arcu. Integer porttitor dignissim turpis id accumsan. Suspendisse euismod, neque eget sagittis convallis, sapien quam ornare sem, at ultrices odio arcu ac justo. Proin risus neque, congue eget faucibus id, cursus non mi. In eu volutpat erat. Sed sed ante accumsan, cursus orci ut, congue lorem. Fusce volutpat viverra est ut viverra.\r\n\r\nUt tellus quam, suscipit consectetur velit eget, luctus dapibus nisl. Donec vitae lobortis libero, sit amet mattis lacus. Curabitur vehicula ac lectus vestibulum suscipit. Pellentesque pharetra laoreet tristique. Phasellus augue magna, vestibulum in nunc ac, hendrerit placerat quam. Suspendisse et eros felis. Mauris porttitor porttitor turpis non facilisis. Pellentesque rhoncus tortor at facilisis ornare. Vestibulum molestie mi eu mollis blandit.\r\n\r\nIn maximus dui tincidunt turpis semper, interdum gravida odio viverra. Phasellus sed turpis congue, viverra nisl pulvinar, tempus felis. Ut volutpat, nulla vitae euismod tristique, leo lectus sagittis turpis, quis venenatis nunc dui posuere arcu. Praesent in velit at magna bibendum luctus eu et metus. Vestibulum cursus velit ac tincidunt semper. Curabitur feugiat lorem a libero pretium, porta rhoncus massa placerat. In auctor ultrices tellus, vel suscipit libero. Vestibulum ante ipsum primis in faucibus orci luctus et ultrices posuere cubilia curae; Nunc non nisl id libero egestas porta. Etiam pretium, diam quis blandit malesuada, nulla nisi congue purus, molestie maximus mi libero eu lorem. Sed id finibus lacus, ut ornare eros. Fusce eget quam vel quam posuere scelerisque a viverra elit. Donec volutpat eget quam non cursus. Vivamus quis lorem eu sem pretium gravida vitae quis orci.",
    "publish": "2025-09-05T19:47:08.077Z",
    "created_at": "2025-09-05T19:47:08.077Z",
    "updated_at": "2025-09-05T19:47:08.077Z",
    "likes": 2,
    "dislikes": 0,
    "comments_count": 1,
    "status": "published",
    "users_liked": [
      3,
      7
    ],
    "users_disliked": []
  }
},
{
  "model": "content.post",
  "pk": 10,
  "fields": {
    "title": "User Authentication Best Practices in Django",
    "slug": "user-authentication-best-practices-in-django",
    "author": 5,
    "body": "Lorem ipsum dolor sit amet, consectetur adipiscing elit. Donec mi urna, consequat eu magna sed, viverra maximus mi. Nullam rutrum posuere velit, fermentum scelerisque turpis sagittis eget. Integer nec egestas erat, tristique egestas eros. Nullam odio nisl, pharetra at molestie nec, laoreet vel massa. Fusce nec consequat ipsum, non ullamcorper nulla. Phasellus sem purus, pretium nec congue quis, aliquam consequat enim. Class aptent taciti sociosqu ad litora torquent per conubia nostra, per inceptos himenaeos. Nunc ultricies lorem id mauris vehicula tempus. Nam mattis, mauris sed ultricies aliquet, enim massa sollicitudin diam, id rutrum mi ante condimentum ligula. Donec at nisl aliquam dui blandit imperdiet eget id sapien. Nulla facilisi.\r\n\r\nNullam ac luctus neque. Aenean convallis scelerisque egestas. Etiam semper lectus purus, eget consectetur leo tincidunt dapibus. Pellentesque et imperdiet augue. In consequat lorem in quam rutrum, eu tristique dui condimentum. Quisque convallis est quis fringilla sagittis. Pellentesque habitant morbi tristique senectus et netus et malesuada fames ac turpis egestas.\r\n\r\nSuspendisse ullamcorper tincidunt justo quis interdum. Integer in eleifend lacus, et bibendum est. Donec et interdum lacus. Praesent congue pretium est quis ornare. Nulla id nisi arcu. Integer porttitor dignissim turpis id accumsan. Suspendisse euismod, neque eget sagittis convallis, sapien quam ornare sem, at ultrices odio arcu ac justo. Proin risus neque, congue eget faucibus id, cursus non mi. In eu volutpat erat. Sed sed ante accumsan, cursus orci ut, congue lorem. Fusce volutpat viverra est ut viverra.\r\n\r\nUt tellus quam, suscipit consectetur velit eget, luctus dapibus nisl. Donec vitae lobortis libero, sit amet mattis lacus. Curabitur vehicula ac lectus vestibulum suscipit. Pellentesque pharetra laoreet tristique. Phasellus augue magna, vestibulum in nunc ac, hendrerit placerat quam. Suspendisse et eros felis. Mauris porttitor porttitor turpis non facilisis. Pellentesque rhoncus tortor at facilisis ornare. Vestibulum molestie mi eu mollis blandit.\r\n\r\nIn maximus dui tincidunt turpis semper, interdum gravida odio viverra. Phasellus sed turpis congue, viverra nisl pulvinar, tempus felis. Ut volutpat, nulla vitae euismod tristique, leo lectus sagittis turpis, quis venenatis nunc dui posuere arcu. Praesent in velit at magna bibendum luctus eu et metus. Vestibulum cursus velit ac tincidunt semper. Curabitur feugiat lorem a libero pretium, porta rhoncus massa placerat. In auctor ultrices tellus, vel suscipit libero. Vestibulum ante ipsum primis in faucibus orci luctus et ultrices posuere cubilia curae; Nunc non nisl id libero egestas porta. Etiam pretium, diam quis blandit malesuada, nulla nisi congue purus, molestie maximus mi libero eu lorem. Sed id finibus lacus, ut ornare eros. Fusce eget quam vel quam posuere scelerisque a viverra elit. Donec volutpat eget quam non cursus. Vivamus quis lorem eu sem pretium gravida vitae quis orci.",
    "publish": "2025-09-05T19:48:13.593Z",
    "created_at": "2025-09-05T19:48:13.593Z",
    "updated_at": "2025-09-05T19:48:13.593Z",
    "likes": 3,
    "dislikes": 0,
    "comments_count": 0,
    "status": "published",
    "users_liked": [
      2,
      6,
      8
    ],
    "users_disliked": []
  }
},
{
  "model": "content.post",
  "pk": 11,
  "fields": {
    "title": "Handling Media Files in Django Projects",
    "slug": "handling-media-files-in-django-projects",
    "author": 8,
    "body": "Lorem ipsum dolor sit amet, consectetur adipiscing elit. Donec mi urna, consequat eu magna sed, viverra maximus mi. Nullam rutrum posuere velit, fermentum scelerisque turpis sagittis eget. Integer nec egestas erat, tristique egestas eros. Nullam odio nisl, pharetra at molestie nec, laoreet vel massa. Fusce nec consequat ipsum, non ullamcorper nulla. Phasellus sem purus, pretium nec congue quis, aliquam consequat enim. Class aptent taciti sociosqu ad litora torquent per conubia nostra, per inceptos himenaeos. Nunc ultricies lorem id mauris vehicula tempus. Nam mattis, mauris sed ultricies aliquet, enim massa sollicitudin diam, id rutrum mi ante condimentum ligula. Donec at nisl aliquam dui blandit imperdiet eget id sapien. Nulla facilisi.\r\n\r\nNullam ac luctus neque. Aenean convallis scelerisque egestas. Etiam semper lectus purus, eget consectetur leo tincidunt dapibus. Pellentesque et imperdiet augue. In consequat lorem in quam rutrum, eu tristique dui condimentum. Quisque convallis est quis fringilla sagittis. Pellentesque habitant morbi tristique senectus et netus et malesuada fames ac turpis egestas.\r\n\r\nSuspendisse ullamcorper tincidunt justo quis interdum. Integer in eleifend lacus, et bibendum est. Donec et interdum lacus. Praesent congue pretium est quis ornare. Nulla id nisi arcu. Integer porttitor dignissim turpis id accumsan. Suspendisse euismod, neque eget sagittis convallis, sapien quam ornare sem, at ultrices odio arcu ac justo. Proin risus neque, congue eget faucibus id, cursus non mi. In eu volutpat erat. Sed sed ante accumsan, cursus orci ut, congue lorem. Fusce volutpat viverra est ut viverra.\r\n\r\nUt tellus quam, suscipit consectetur velit eget, luctus dapibus nisl. Donec vitae lobortis libero, sit amet mattis lacus. Curabitur vehicula ac lectus vestibulum suscipit. Pellentesque pharetra laoreet tristique. Phasellus augue magna, vestibulum in nunc ac, hendrerit placerat quam. Suspendisse et eros felis. Mauris porttitor porttitor turpis non facilisis. Pellentesque rhoncus tortor at facilisis ornare. Vestibulum molestie mi eu mollis blandit.\r\n\r\nIn maximus dui tincidunt turpis semper, interdum gravida odio viverra. Phasellus sed turpis congue, viverra nisl pulvinar, tempus felis. Ut volutpat, nulla vitae euismod tristique, leo lectus sagittis turpis, quis venenatis nunc dui posuere arcu. Praesent in velit at magna bibendum luctus eu et metus. Vestibulum cursus velit ac tincidunt semper. Curabitur feugiat lorem a libero pretium, porta rhoncus massa placerat. In auctor ultrices tellus, vel suscipit libero. Vestibulum ante ipsum primis in faucibus orci luctus et ultrices posuere cubilia curae; Nunc non nisl id libero egestas porta. Etiam pretium, diam quis blandit malesuada, nulla nisi congue purus, molestie maximus mi libero eu lorem. Sed id finibus lacus, ut ornare eros. Fusce eget quam vel quam posuere scelerisque a viverra elit. Donec volutpat eget quam non cursus. Vivamus quis lorem eu sem pretium gravida vitae quis orci.",
    "publish": "2025-09-05T19:50:41.606Z",
    "created_at": "2025-09-05T19:50:41.606Z",
    "updated_at": "2025-09-05T19:50:41.606Z",
    "likes": 0,
    "dislikes": 0,
    "comments_count": 1,
    "status": "draft",
    "users_liked": [],
    "users_disliked": []
  }
},
{
  "model": "content.post",
  "pk": 12,
  "fields": {
    "title": "Introduction to PostgreSQL Extensions",
    "slug": "introduction-to-postgresql-extensions",
    "author": 9,
    "body": "Lorem ipsum dolor sit amet, consectetur adipiscing elit. Donec mi urna, consequat eu magna sed, viverra maximus mi. Nullam rutrum posuere velit, fermentum scelerisque turpis sagittis eget. Integer nec egestas erat, tristique egestas eros. Nullam odio nisl, pharetra at molestie nec, laoreet vel massa. Fusce nec consequat ipsum, non ullamcorper nulla. Phasellus sem purus, pretium nec congue quis, aliquam consequat enim. Class aptent taciti sociosqu ad litora torquent per conubia nostra, per inceptos himenaeos. Nunc ultricies lorem id mauris vehicula tempus. Nam mattis, mauris sed ultricies aliquet, enim massa sollicitudin diam, id rutrum mi ante condimentum ligula. Donec at nisl aliquam dui blandit imperdiet eget id sapien. Nulla facilisi.\r\n\r\nNullam ac luctus neque. Aenean convallis scelerisque egestas. Etiam semper lectus purus, eget consectetur leo tincidunt dapibus. Pellentesque et imperdiet augue. In consequat lorem in quam rutrum, eu tristique dui condimentum. Quisque convallis est quis fringilla sagittis. Pellentesque habitant morbi tristique senectus et netus et malesuada fames ac turpis egestas.\r\n\r\nSuspendisse ullamcorper tincidunt justo quis interdum. Integer in eleifend lacus, et bibendum est. Donec et interdum lacus. Praesent congue pretium est quis ornare. Nulla id nisi arcu. Integer porttitor dignissim turpis id accumsan. Suspendisse euismod, neque eget sagittis convallis, sapien quam ornare sem, at ultrices odio arcu ac justo. Proin risus neque, congue eget faucibus id, cursus non mi. In eu volutpat erat. Sed sed ante accumsan, cursus orci ut, congue lorem. Fusce volutpat viverra est ut viverra.\r\n\r\nUt tellus quam, suscipit consectetur velit eget, luctus dapibus nisl. Donec vitae lobortis libero, sit amet mattis lacus. Curabitur vehicula ac lectus vestibulum suscipit. Pellentesque pharetra laoreet tristique. Phasellus augue magna, vestibulum in nunc ac, hendrerit placerat quam. Suspendisse et eros felis. Mauris porttitor porttitor turpis non facilisis. Pellentesque rhoncus tortor at facilisis ornare. Vestibulum molestie mi eu mollis blandit.\r\n\r\nIn maximus dui tincidunt turpis semper, interdum gravida odio viverra. Phasellus sed turpis congue, viverra nisl pulvinar, tempus felis. Ut volutpat, nulla vitae euismod tristique, leo lectus sagittis turpis, quis venenatis nunc dui posuere arcu. Praesent in velit at magna bibendum luctus eu et metus. Vestibulum cursus velit ac tincidunt semper. Curabitur feugiat lorem a libero pretium, porta rhoncus massa placerat. In auctor ultrices tellus, vel suscipit libero. Vestibulum ante ipsum primis in faucibus orci luctus et ultrices posuere cubilia curae; Nunc non nisl id libero egestas porta. Etiam pretium, diam quis blandit malesuada, nulla nisi congue purus, molestie maximus mi libero eu lorem. Sed id finibus lacus, ut ornare eros. Fusce eget quam vel quam posuere scelerisque a viverra elit. Donec volutpat eget quam non cursus. Vivamus quis lorem eu sem pretium gravida vitae quis orci.",
    "publish": "2025-09-05T19:51:48.709Z",
    "created_at": "2025-09-05T19:51:48.709Z",
    "updated_at": "2025-09-05T19:51:48.709Z",
    "likes": 2,
    "dislikes": 0,
    "comments_count": 1,
    "status": "published",
    "users_liked": [
      6,
      9
    ],
    "users_disliked": []
  }
},
{
  "model": "content.post",
  "pk": 13,
  "fields": {
    "title": "Writing Custom Django Management Commands",
    "slug": "writing-custom-django-management-commands",
    "author": 4,
    "body": "Lorem ipsum dolor sit amet, consectetur adipiscing elit. Donec mi urna, consequat eu magna sed, viverra maximus mi. Nullam rutrum posuere velit, fermentum scelerisque turpis sagittis eget. Integer nec egestas erat, tristique egestas eros. Nullam odio nisl, pharetra at molestie nec, laoreet vel massa. Fusce nec consequat ipsum, non ullamcorper nulla. Phasellus sem purus, pretium nec congue quis, aliquam consequat enim. Class aptent taciti sociosqu ad litora torquent per conubia nostra, per inceptos himenaeos. Nunc ultricies lorem id mauris vehicula tempus. Nam mattis, mauris sed ultricies aliquet, enim massa sollicitudin diam, id rutrum mi ante condimentum ligula. Donec at nisl aliquam dui blandit imperdiet eget id sapien. Nulla facilisi.\r\n\r\nNullam ac luctus neque. Aenean convallis scelerisque egestas. Etiam semper lectus purus, eget consectetur leo tincidunt dapibus. Pellentesque et imperdiet augue. In consequat lorem in quam rutrum, eu tristique dui condimentum. Quisque convallis est quis fringilla sagittis. Pellentesque habitant morbi tristique senectus et netus et malesuada fames ac turpis egestas.\r\n\r\nSuspendisse ullamcorper tincidunt justo quis interdum. Integer in eleifend lacus, et bibendum est. Donec et interdum lacus. Praesent congue pretium est quis ornare. Nulla id nisi arcu. Integer porttitor dignissim turpis id accumsan. Suspendisse euismod, neque eget sagittis convallis, sapien quam ornare sem, at ultrices odio arcu ac justo. Proin risus neque, congue eget faucibus id, cursus non mi. In eu volutpat erat. Sed sed ante accumsan, cursus orci ut, congue lorem. Fusce volutpat viverra est ut viverra.\r\n\r\nUt tellus quam, suscipit consectetur velit eget, luctus dapibus nisl. Donec vitae lobortis libero, sit amet mattis lacus. Curabitur vehicula ac lectus vestibulum suscipit. Pellentesque pharetra laoreet tristique. Phasellus augue magna, vestibulum in nunc ac, hendrerit placerat quam. Suspendisse et eros felis. Mauris porttitor porttitor turpis non facilisis. Pellentesque rhoncus tortor at facilisis ornare. Vestibulum molestie mi eu mollis blandit.\r\n\r\nIn maximus dui tincidunt turpis semper, interdum gravida odio viverra. Phasellus sed turpis congue, viverra nisl pulvinar, tempus felis. Ut volutpat, nulla vitae euismod tristique, leo lectus sagittis turpis, quis venenatis nunc dui posuere arcu. Praesent in velit at magna bibendum luctus eu et metus. Vestibulum cursus velit ac tincidunt semper. Curabitur feugiat lorem a libero pretium, porta rhoncus massa placerat. In auctor ultrices tellus, vel suscipit libero. Vestibulum ante ipsum primis in faucibus orci luctus et ultrices posuere cubilia curae; Nunc non nisl id libero egestas porta. Etiam pretium, diam quis blandit malesuada, nulla nisi congue purus, molestie maximus mi libero eu lorem. Sed id finibus lacus, ut ornare eros. Fusce eget quam vel quam posuere scelerisque a viverra elit. Donec volutpat eget quam non cursus. Vivamus quis lorem eu sem pretium gravida vitae quis orci.",
    "publish": "2025-09-05T19:52:42.432Z",
    "created_at": "2025-09-05T19:52:42.433Z",
    "updated_at": "2025-09-05T19:52:42.433Z",
    "likes": 0,
    "dislikes": 0,
    "comments_count": 0,
    "status": "draft",
    "users_liked": [],
    "users_disliked": []
  }
},
{
  "model": "content.post",
  "pk": 14,
  "fields": {
    "title": "Building a REST API with Django and Redis",
    "slug": "building-a-rest-api-with-django-and-redis",
    "author": 6,
    "body": "Lorem ipsum dolor sit amet, consectetur adipiscing elit. Donec mi urna, consequat eu magna sed, viverra maximus mi. Nullam rutrum posuere velit, fermentum scelerisque turpis sagittis eget. Integer nec egestas erat, tristique egestas eros. Nullam odio nisl, pharetra at molestie nec, laoreet vel massa. Fusce nec consequat ipsum, non ullamcorper nulla. Phasellus sem purus, pretium nec congue quis, aliquam consequat enim. Class aptent taciti sociosqu ad litora torquent per conubia nostra, per inceptos himenaeos. Nunc ultricies lorem id mauris vehicula tempus. Nam mattis, mauris sed ultricies aliquet, enim massa sollicitudin diam, id rutrum mi ante condimentum ligula. Donec at nisl aliquam dui blandit imperdiet eget id sapien. Nulla facilisi.\r\n\r\nNullam ac luctus neque. Aenean convallis scelerisque egestas. Etiam semper lectus purus, eget consectetur leo tincidunt dapibus. Pellentesque et imperdiet augue. In consequat lorem in quam rutrum, eu tristique dui condimentum. Quisque convallis est quis fringilla sagittis. Pellentesque habitant morbi tristique senectus et netus et malesuada fames ac turpis egestas.\r\n\r\nSuspendisse ullamcorper tincidunt justo quis interdum. Integer in eleifend lacus, et bibendum est. Donec et interdum lacus. Praesent congue pretium est quis ornare. Nulla id nisi arcu. Integer porttitor dignissim turpis id accumsan. Suspendisse euismod, neque eget sagittis convallis, sapien quam ornare sem, at ultrices odio arcu ac justo. Proin risus neque, congue eget faucibus id, cursus non mi. In eu volutpat erat. Sed sed ante accumsan, cursus orci ut, congue lorem. Fusce volutpat viverra est ut viverra.\r\n\r\nUt tellus quam, suscipit consectetur velit eget, luctus dapibus nisl. Donec vitae lobortis libero, sit amet mattis lacus. Curabitur vehicula ac lectus vestibulum suscipit. Pellentesque pharetra laoreet tristique. Phasellus augue magna, vestibulum in nunc ac, hendrerit placerat quam. Suspendisse et eros felis. Mauris porttitor porttitor turpis non facilisis. Pellentesque rhoncus tortor at facilisis ornare. Vestibulum molestie mi eu mollis blandit.\r\n\r\nIn maximus dui tincidunt turpis semper, interdum gravida odio viverra. Phasellus sed turpis congue, viverra nisl pulvinar, tempus felis. Ut volutpat, nulla vitae euismod tristique, leo lectus sagittis turpis, quis venenatis nunc dui posuere arcu. Praesent in velit at magna bibendum luctus eu et metus. Vestibulum cursus velit ac tincidunt semper. Curabitur feugiat lorem a libero pretium, porta rhoncus massa placerat. In auctor ultrices tellus, vel suscipit libero. Vestibulum ante ipsum primis in faucibus orci luctus et ultrices posuere cubilia curae; Nunc non nisl id libero egestas porta. Etiam pretium, diam quis blandit malesuada, nulla nisi congue purus, molestie maximus mi libero eu lorem. Sed id finibus lacus, ut ornare eros. Fusce eget quam vel quam posuere scelerisque a viverra elit. Donec volutpat eget quam non cursus. Vivamus quis lorem eu sem pretium gravida vitae quis orci.",
    "publish": "2025-09-05T19:53:56.593Z",
    "created_at": "2025-09-05T19:53:56.593Z",
    "updated_at": "2025-09-05T19:53:56.593Z",
    "likes": 4,
    "dislikes": 0,
    "comments_count": 2,
    "status": "published",
    "users_liked": [
      3,
      2,
      6,
      8
    ],
    "users_disliked": []
  }
},
{
  "model": "content.post",
  "pk": 15,
  "fields": {
    "title": "Testing Django Application Effectively",
    "slug": "testing-django-application-effectively",
    "author": 2,
    "body": "Lorem ipsum dolor sit amet, consectetur adipiscing elit. Donec mi urna, consequat eu magna sed, viverra maximus mi. Nullam rutrum posuere velit, fermentum scelerisque turpis sagittis eget. Integer nec egestas erat, tristique egestas eros. Nullam odio nisl, pharetra at molestie nec, laoreet vel massa. Fusce nec consequat ipsum, non ullamcorper nulla. Phasellus sem purus, pretium nec congue quis, aliquam consequat enim. Class aptent taciti sociosqu ad litora torquent per conubia nostra, per inceptos himenaeos. Nunc ultricies lorem id mauris vehicula tempus. Nam mattis, mauris sed ultricies aliquet, enim massa sollicitudin diam, id rutrum mi ante condimentum ligula. Donec at nisl aliquam dui blandit imperdiet eget id sapien. Nulla facilisi.\r\n\r\nNullam ac luctus neque. Aenean convallis scelerisque egestas. Etiam semper lectus purus, eget consectetur leo tincidunt dapibus. Pellentesque et imperdiet augue. In consequat lorem in quam rutrum, eu tristique dui condimentum. Quisque convallis est quis fringilla sagittis. Pellentesque habitant morbi tristique senectus et netus et malesuada fames ac turpis egestas.\r\n\r\nSuspendisse ullamcorper tincidunt justo quis interdum. Integer in eleifend lacus, et bibendum est. Donec et interdum lacus. Praesent congue pretium est quis ornare. Nulla id nisi arcu. Integer porttitor dignissim turpis id accumsan. Suspendisse euismod, neque eget sagittis convallis, sapien quam ornare sem, at ultrices odio arcu ac justo. Proin risus neque, congue eget faucibus id, cursus non mi. In eu volutpat erat. Sed sed ante accumsan, cursus orci ut, congue lorem. Fusce volutpat viverra est ut viverra.\r\n\r\nUt tellus quam, suscipit consectetur velit eget, luctus dapibus nisl. Donec vitae lobortis libero, sit amet mattis lacus. Curabitur vehicula ac lectus vestibulum suscipit. Pellentesque pharetra laoreet tristique. Phasellus augue magna, vestibulum in nunc ac, hendrerit placerat quam. Suspendisse et eros felis. Mauris porttitor porttitor turpis non facilisis. Pellentesque rhoncus tortor at facilisis ornare. Vestibulum molestie mi eu mollis blandit.\r\n\r\nIn maximus dui tincidunt turpis semper, interdum gravida odio viverra. Phasellus sed turpis congue, viverra nisl pulvinar, tempus felis. Ut volutpat, nulla vitae euismod tristique, leo lectus sagittis turpis, quis venenatis nunc dui posuere arcu. Praesent in velit at magna bibendum luctus eu et metus. Vestibulum cursus velit ac tincidunt semper. Curabitur feugiat lorem a libero pretium, porta rhoncus massa placerat. In auctor ultrices tellus, vel suscipit libero. Vestibulum ante ipsum primis in faucibus orci luctus et ultrices posuere cubilia curae; Nunc non nisl id libero egestas porta. Etiam pretium, diam quis blandit malesuada, nulla nisi congue purus, molestie maximus mi libero eu lorem. Sed id finibus lacus, ut ornare eros. Fusce eget quam vel quam posuere scelerisque a viverra elit. Donec volutpat eget quam non cursus. Vivamus quis lorem eu sem pretium gravida vitae quis orci.",
    "publish": "2025-09-05T19:55:22.992Z",
    "created_at": "2025-09-05T19:55:22.992Z",
    "updated_at": "2025-09-05T19:55:22.992Z",
    "likes": 2,
    "dislikes": 0,
    "comments_count": 0,
    "status": "published",
    "users_liked": [
      5,
      7
    ],
    "users_disliked": []
  }
},
{
  "model": "content.comment",
  "pk": 1,
  "fields": {
    "user": 3,
    "post": 1,
    "body": "Suspendisse ullamcorper tincidunt justo quis interdum. Integer in eleifend lacus, et bibendum est. Donec et interdum lacus. Praesent congue pretium est quis ornare. Nulla id nisi arcu. Integer porttitor dignissim turpis id accumsan. Suspendisse euismod, neque eget sagittis convallis, sapien quam ornare sem, at ultrices odio arcu ac justo. Proin risus neque, congue eget faucibus id, cursus non mi. In eu volutpat erat. Sed sed ante accumsan, cursus orci ut, congue lorem. Fusce volutpat viverra est ut viverra.",
    "created_at": "2025-09-05T20:28:45.764Z",
    "updated_at": "2025-09-05T20:28:45.764Z",
    "active": true
  }
},
{
  "model": "content.comment",
  "pk": 2,
  "fields": {
    "user": 3,
    "post": 2,
    "body": "Suspendisse ullamcorper tincidunt justo quis interdum. Integer in eleifend lacus, et bibendum est. Donec et interdum lacus. Praesent congue pretium est quis ornare. Nulla id nisi arcu. Integer porttitor dignissim turpis id accumsan. Suspendisse euismod, neque eget sagittis convallis, sapien quam ornare sem, at ultrices odio arcu ac justo. Proin risus neque, congue eget faucibus id, cursus non mi. In eu volutpat erat. Sed sed ante accumsan, cursus orci ut, congue lorem. Fusce volutpat viverra est ut viverra.",
    "created_at": "2025-09-05T20:28:55.647Z",
    "updated_at": "2025-09-05T20:28:55.647Z",
    "active": true
  }
},
{
  "model": "content.comment",
  "pk": 3,
  "fields": {
    "user": 3,
    "post": 4,
    "body": "Suspendisse ullamcorper tincidunt justo quis interdum. Integer in eleifend lacus, et bibendum est. Donec et interdum lacus. Praesent congue pretium est quis ornare. Nulla id nisi arcu. Integer porttitor dignissim turpis id accumsan. Suspendisse euismod, neque eget sagittis convallis, sapien quam ornare sem, at ultrices odio arcu ac justo. Proin risus neque, congue eget faucibus id, cursus non mi. In eu volutpat erat. Sed sed ante accumsan, cursus orci ut, congue lorem. Fusce volutpat viverra est ut viverra.",
    "created_at": "2025-09-05T20:28:59.568Z",
    "updated_at": "2025-09-05T20:28:59.568Z",
    "active": true
  }
},
{
  "model": "content.comment",
  "pk": 4,
  "fields": {
    "user": 3,
    "post": 7,
    "body": "Suspendisse ullamcorper tincidunt justo quis interdum. Integer in eleifend lacus, et bibendum est. Donec et interdum lacus. Praesent congue pretium est quis ornare. Nulla id nisi arcu. Integer porttitor dignissim turpis id accumsan. Suspendisse euismod, neque eget sagittis convallis, sapien quam ornare sem, at ultrices odio arcu ac justo. Proin risus neque, congue eget faucibus id, cursus non mi. In eu volutpat erat. Sed sed ante accumsan, cursus orci ut, congue lorem. Fusce volutpat viverra est ut viverra.",
    "created_at": "2025-09-05T20:29:03.118Z",
    "updated_at": "2025-09-05T20:29:03.118Z",
    "active": true
  }
},
{
  "model": "content.comment",
  "pk": 5,
  "fields": {
    "user": 3,
    "post": 12,
    "body": "Suspendisse ullamcorper tincidunt justo quis interdum. Integer in eleifend lacus, et bibendum est. Donec et interdum lacus. Praesent congue pretium est quis ornare. Nulla id nisi arcu. Integer porttitor dignissim turpis id accumsan. Suspendisse euismod, neque eget sagittis convallis, sapien quam ornare sem, at ultrices odio arcu ac justo. Proin risus neque, congue eget faucibus id, cursus non mi. In eu volutpat erat. Sed sed ante accumsan, cursus orci ut, congue lorem. Fusce volutpat viverra est ut viverra.",
    "created_at": "2025-09-05T20:29:07.474Z",
    "updated_at": "2025-09-05T20:29:07.474Z",
    "active": true
  }
},
{
  "model": "content.comment",
  "pk": 6,
  "fields": {
    "user": 4,
    "post": 1,
    "body": "Suspendisse ullamcorper tincidunt justo quis interdum. Integer in eleifend lacus, et bibendum est. Donec et interdum lacus. Praesent congue pretium est quis ornare. Nulla id nisi arcu. Integer porttitor dignissim turpis id accumsan. Suspendisse euismod, neque eget sagittis convallis, sapien quam ornare sem, at ultrices odio arcu ac justo. Proin risus neque, congue eget faucibus id, cursus non mi. In eu volutpat erat. Sed sed ante accumsan, cursus orci ut, congue lorem. Fusce volutpat viverra est ut viverra.",
    "created_at": "2025-09-05T20:30:18.072Z",
    "updated_at": "2025-09-05T20:30:18.072Z",
    "active": true
  }
},
{
  "model": "content.comment",
  "pk": 7,
  "fields": {
    "user": 4,
    "post": 4,
    "body": "Suspendisse ullamcorper tincidunt justo quis interdum. Integer in eleifend lacus, et bibendum est. Donec et interdum lacus. Praesent congue pretium est quis ornare. Nulla id nisi arcu. Integer porttitor dignissim turpis id accumsan. Suspendisse euismod, neque eget sagittis convallis, sapien quam ornare sem, at ultrices odio arcu ac justo. Proin risus neque, congue eget faucibus id, cursus non mi. In eu volutpat erat. Sed sed ante accumsan, cursus orci ut, congue lorem. Fusce volutpat viverra est ut viverra.",
    "created_at": "2025-09-05T20:30:24.489Z",
    "updated_at": "2025-09-05T20:30:24.489Z",
    "active": true
  }
},
{
  "model": "content.comment",
  "pk": 8,
  "fields": {
    "user": 4,
    "post": 9,
    "body": "Suspendisse ullamcorper tincidunt justo quis interdum. Integer in eleifend lacus, et bibendum est. Donec et interdum lacus. Praesent congue pretium est quis ornare. Nulla id nisi arcu. Integer porttitor dignissim turpis id accumsan. Suspendisse euismod, neque eget sagittis convallis, sapien quam ornare sem, at ultrices odio arcu ac justo. Proin risus neque, congue eget faucibus id, cursus non mi. In eu volutpat erat. Sed sed ante accumsan, cursus orci ut, congue lorem. Fusce volutpat viverra est ut viverra.",
    "created_at": "2025-09-05T20:30:26.998Z",
    "updated_at": "2025-09-05T20:30:26.998Z",
    "active": true
  }
},
{
  "model": "content.comment",
  "pk": 9,
  "fields": {
    "user": 4,
    "post": 14,
    "body": "Suspendisse ullamcorper tincidunt justo quis interdum. Integer in eleifend lacus, et bibendum est. Donec et interdum lacus. Praesent congue pretium est quis ornare. Nulla id nisi arcu. Integer porttitor dignissim turpis id accumsan. Suspendisse euismod, neque eget sagittis convallis, sapien quam ornare sem, at ultrices odio arcu ac justo. Proin risus neque, congue eget faucibus id, cursus non mi. In eu volutpat erat. Sed sed ante accumsan, cursus orci ut, congue lorem. Fusce volutpat viverra est ut viverra.",
    "created_at": "2025-09-05T20:30:30.025Z",
    "updated_at": "2025-09-05T20:30:30.025Z",
    "active": true
  }
},
{
  "model": "content.comment",
  "pk": 10,
  "fields": {
    "user": 5,
    "post": 1,
    "body": "Suspendisse ullamcorper tincidunt justo quis interdum. Integer in eleifend lacus, et bibendum est. Donec et interdum lacus. Praesent congue pretium est quis ornare. Nulla id nisi arcu. Integer porttitor dignissim turpis id accumsan. Suspendisse euismod, neque eget sagittis convallis, sapien quam ornare sem, at ultrices odio arcu ac justo. Proin risus neque, congue eget faucibus id, cursus non mi. In eu volutpat erat. Sed sed ante accumsan, cursus orci ut, congue lorem. Fusce volutpat viverra est ut viverra.",
    "created_at": "2025-09-05T20:30:57.196Z",
    "updated_at": "2025-09-05T20:30:57.196Z",
    "active": true
  }
},
{
  "model": "content.comment",
  "pk": 11,
  "fields": {
    "user": 5,
    "post": 2,
    "body": "Suspendisse ullamcorper tincidunt justo quis interdum. Integer in eleifend lacus, et bibendum est. Donec et interdum lacus. Praesent congue pretium est quis ornare. Nulla id nisi arcu. Integer porttitor dignissim turpis id accumsan. Suspendisse euismod, neque eget sagittis convallis, sapien quam ornare sem, at ultrices odio arcu ac justo. Proin risus neque, congue eget faucibus id, cursus non mi. In eu volutpat erat. Sed sed ante accumsan, cursus orci ut, congue lorem. Fusce volutpat viverra est ut viverra.",
    "created_at": "2025-09-05T20:31:02.084Z",
    "updated_at": "2025-09-05T20:31:02.084Z",
    "active": true
  }
},
{
  "model": "content.comment",
  "pk": 12,
  "fields": {
    "user": 5,
    "post": 4,
    "body": "Suspendisse ullamcorper tincidunt justo quis interdum. Integer in eleifend lacus, et bibendum est. Donec et interdum lacus. Praesent congue pretium est quis ornare. Nulla id nisi arcu. Integer porttitor dignissim turpis id accumsan. Suspendisse euismod, neque eget sagittis convallis, sapien quam ornare sem, at ultrices odio arcu ac justo. Proin risus neque, congue eget faucibus id, cursus non mi. In eu volutpat erat. Sed sed ante accumsan, cursus orci ut, congue lorem. Fusce volutpat viverra est ut viverra.",
    "created_at": "2025-09-05T20:31:05.991Z",
    "updated_at": "2025-09-05T20:31:05.991Z",
    "active": true
  }
},
{
  "model": "content.comment",
  "pk": 13,
  "fields": {
    "user": 5,
    "post": 11,
    "body": "Suspendisse ullamcorper tincidunt justo quis interdum. Integer in eleifend lacus, et bibendum est. Donec et interdum lacus. Praesent congue pretium est quis ornare. Nulla id nisi arcu. Integer porttitor dignissim turpis id accumsan. Suspendisse euismod, neque eget sagittis convallis, sapien quam ornare sem, at ultrices odio arcu ac justo. Proin risus neque, congue eget faucibus id, cursus non mi. In eu volutpat erat. Sed sed ante accumsan, cursus orci ut, congue lorem. Fusce volutpat viverra est ut viverra.",
    "created_at": "2025-09-05T20:31:08.218Z",
    "updated_at": "2025-09-05T20:31:08.218Z",
    "active": true
  }
},
{
  "model": "content.comment",
  "pk": 14,
  "fields": {
    "user": 6,
    "post": 1,
    "body": "Suspendisse ullamcorper tincidunt justo quis interdum. Integer in eleifend lacus, et bibendum est. Donec et interdum lacus. Praesent congue pretium est quis ornare. Nulla id nisi arcu. Integer porttitor dignissim turpis id accumsan. Suspendisse euismod, neque eget sagittis convallis, sapien quam ornare sem, at ultrices odio arcu ac justo. Proin risus neque, congue eget faucibus id, cursus non mi. In eu volutpat erat. Sed sed ante accumsan, cursus orci ut, congue lorem. Fusce volutpat viverra est ut viverra.",
    "created_at": "2025-09-05T20:31:34.043Z",
    "updated_at": "2025-09-05T20:31:34.043Z",
    "active": true
  }
},
{
  "model": "content.comment",
  "pk": 15,
  "fields": {
    "user": 6,
    "post": 3,
    "body": "Suspendisse ullamcorper tincidunt justo quis interdum. Integer in eleifend lacus, et bibendum est. Donec et interdum lacus. Praesent congue pretium est quis ornare. Nulla id nisi arcu. Integer porttitor dignissim turpis id accumsan. Suspendisse euismod, neque eget sagittis convallis, sapien quam ornare sem, at ultrices odio arcu ac justo. Proin risus neque, congue eget faucibus id, cursus non mi. In eu volutpat erat. Sed sed ante accumsan, cursus orci ut, congue lorem. Fusce volutpat viverra est ut viverra.",
    "created_at": "2025-09-05T20:31:43.870Z",
    "updated_at": "2025-09-05T20:31:43.870Z",
    "active": true
  }
},
{
  "model": "content.comment",
  "pk": 16,
  "fields": {
    "user": 6,
    "post": 7,
    "body": "Suspendisse ullamcorper tincidunt justo quis interdum. Integer in eleifend lacus, et bibendum est. Donec et interdum lacus. Praesent congue pretium est quis ornare. Nulla id nisi arcu. Integer porttitor dignissim turpis id accumsan. Suspendisse euismod, neque eget sagittis convallis, sapien quam ornare sem, at ultrices odio arcu ac justo. Proin risus neque, congue eget faucibus id, cursus non mi. In eu volutpat erat. Sed sed ante accumsan, cursus orci ut, congue lorem. Fusce volutpat viverra est ut viverra.",
    "created_at": "2025-09-05T20:31:50.053Z",
    "updated_at": "2025-09-05T20:31:50.053Z",
    "active": true
  }
},
{
  "model": "content.comment",
  "pk": 17,
  "fields": {
    "user": 6,
    "post": 14,
    "body": "Suspendisse ullamcorper tincidunt justo quis interdum. Integer in eleifend lacus, et bibendum est. Donec et interdum lacus. Praesent congue pretium est quis ornare. Nulla id nisi arcu. Integer porttitor dignissim turpis id accumsan. Suspendisse euismod, neque eget sagittis convallis, sapien quam ornare sem, at ultrices odio arcu ac justo. Proin risus neque, congue eget faucibus id, cursus non mi. In eu volutpat erat. Sed sed ante accumsan, cursus orci ut, congue lorem. Fusce volutpat viverra est ut viverra.",
    "created_at": "2025-09-05T20:31:52.258Z",
    "updated_at": "2025-09-05T20:31:52.258Z",
    "active": true
  }
},
{
  "model": "taggit.tag",
  "pk": 1,
  "fields": {
    "name": "django",
    "slug": "django"
  }
},
{
  "model": "taggit.tag",
  "pk": 2,
  "fields": {
    "name": "it",
    "slug": "it"
  }
},
{
  "model": "taggit.tag",
  "pk": 3,
  "fields": {
    "name": "programming",
    "slug": "programming"
  }
},
{
  "model": "taggit.tag",
  "pk": 4,
  "fields": {
    "name": "sport",
    "slug": "sport"
  }
},
{
  "model": "taggit.tag",
  "pk": 5,
  "fields": {
    "name": "music",
    "slug": "music"
  }
},
{
  "model": "taggit.tag",
  "pk": 6,
  "fields": {
    "name": "art",
    "slug": "art"
  }
},
{
  "model": "taggit.tag",
  "pk": 7,
  "fields": {
    "name": "medicine",
    "slug": "medicine"
  }
},
{
  "model": "taggit.taggeditem",
  "pk": 1,
  "fields": {
    "tag": 1,
    "content_type": 2,
    "object_id": 1
  }
},
{
  "model": "taggit.taggeditem",
  "pk": 2,
  "fields": {
    "tag": 3,
    "content_type": 2,
    "object_id": 1
  }
},
{
  "model": "taggit.taggeditem",
  "pk": 3,
  "fields": {
    "tag": 2,
    "content_type": 2,
    "object_id": 2
  }
},
{
  "model": "taggit.taggeditem",
  "pk": 4,
  "fields": {
    "tag": 3,
    "content_type": 2,
    "object_id": 2
  }
},
{
  "model": "taggit.taggeditem",
  "pk": 5,
  "fields": {
    "tag": 1,
    "content_type": 2,
    "object_id": 3
  }
},
{
  "model": "taggit.taggeditem",
  "pk": 6,
  "fields": {
    "tag": 3,
    "content_type": 2,
    "object_id": 3
  }
},
{
  "model": "taggit.taggeditem",
  "pk": 7,
  "fields": {
    "tag": 6,
    "content_type": 2,
    "object_id": 3
  }
},
{
  "model": "taggit.taggeditem",
  "pk": 8,
  "fields": {
    "tag": 2,
    "content_type": 2,
    "object_id": 4
  }
},
{
  "model": "taggit.taggeditem",
  "pk": 9,
  "fields": {
    "tag": 4,
    "content_type": 2,
    "object_id": 4
  }
},
{
  "model": "taggit.taggeditem",
  "pk": 10,
  "fields": {
    "tag": 5,
    "content_type": 2,
    "object_id": 5
  }
},
{
  "model": "taggit.taggeditem",
  "pk": 11,
  "fields": {
    "tag": 6,
    "content_type": 2,
    "object_id": 5
  }
},
{
  "model": "taggit.taggeditem",
  "pk": 12,
  "fields": {
    "tag": 5,
    "content_type": 2,
    "object_id": 6
  }
},
{
  "model": "taggit.taggeditem",
  "pk": 13,
  "fields": {
    "tag": 7,
    "content_type": 2,
    "object_id": 6
  }
},
{
  "model": "taggit.taggeditem",
  "pk": 14,
  "fields": {
    "tag": 1,
    "content_type": 2,
    "object_id": 7
  }
},
{
  "model": "taggit.taggeditem",
  "pk": 15,
  "fields": {
    "tag": 2,
    "content_type": 2,
    "object_id": 7
  }
},
{
  "model": "taggit.taggeditem",
  "pk": 16,
  "fields": {
    "tag": 1,
    "content_type": 2,
    "object_id": 8
  }
},
{
  "model": "taggit.taggeditem",
  "pk": 17,
  "fields": {
    "tag": 3,
    "content_type": 2,
    "object_id": 8
  }
},
{
  "model": "taggit.taggeditem",
  "pk": 18,
  "fields": {
    "tag": 6,
    "content_type": 2,
    "object_id": 8
  }
},
{
  "model": "taggit.taggeditem",
  "pk": 19,
  "fields": {
    "tag": 4,
    "content_type": 2,
    "object_id": 9
  }
},
{
  "model": "taggit.taggeditem",
  "pk": 20,
  "fields": {
    "tag": 6,
    "content_type": 2,
    "object_id": 9
  }
},
{
  "model": "taggit.taggeditem",
  "pk": 21,
  "fields": {
    "tag": 1,
    "content_type": 2,
    "object_id": 10
  }
},
{
  "model": "taggit.taggeditem",
  "pk": 22,
  "fields": {
    "tag": 2,
    "content_type": 2,
    "object_id": 11
  }
},
{
  "model": "taggit.taggeditem",
  "pk": 23,
  "fields": {
    "tag": 3,
    "content_type": 2,
    "object_id": 11
  }
},
{
  "model": "taggit.taggeditem",
  "pk": 24,
  "fields": {
    "tag": 4,
    "content_type": 2,
    "object_id": 11
  }
},
{
  "model": "taggit.taggeditem",
  "pk": 25,
  "fields": {
    "tag": 2,
    "content_type": 2,
    "object_id": 12
  }
},
{
  "model": "taggit.taggeditem",
  "pk": 26,
  "fields": {
    "tag": 3,
    "content_type": 2,
    "object_id": 12
  }
},
{
  "model": "taggit.taggeditem",
  "pk": 27,
  "fields": {
    "tag": 4,
    "content_type": 2,
    "object_id": 13
  }
},
{
  "model": "taggit.taggeditem",
  "pk": 28,
  "fields": {
    "tag": 7,
    "content_type": 2,
    "object_id": 13
  }
},
{
  "model": "taggit.taggeditem",
  "pk": 29,
  "fields": {
    "tag": 1,
    "content_type": 2,
    "object_id": 14
  }
},
{
  "model": "taggit.taggeditem",
  "pk": 30,
  "fields": {
    "tag": 3,
    "content_type": 2,
    "object_id": 14
  }
},
{
  "model": "taggit.taggeditem",
  "pk": 31,
  "fields": {
    "tag": 4,
    "content_type": 2,
    "object_id": 14
  }
},
{
  "model": "taggit.taggeditem",
  "pk": 32,
  "fields": {
    "tag": 6,
    "content_type": 2,
    "object_id": 14
  }
},
{
  "model": "taggit.taggeditem",
  "pk": 33,
  "fields": {
    "tag": 2,
    "content_type": 2,
    "object_id": 15
  }
},
{
  "model": "token_blacklist.outstandingtoken",
  "pk": 1,
  "fields": {
    "user": 2,
    "jti": "4213e9d2bde045f28007c3291458ad1f",
    "token": "eyJhbGciOiJIUzI1NiIsInR5cCI6IkpXVCJ9.eyJ0b2tlbl90eXBlIjoicmVmcmVzaCIsImV4cCI6MTc1NzEwMjIzMywiaWF0IjoxNzU3MTAwNDMzLCJqdGkiOiI0MjEzZTlkMmJkZTA0NWYyODAwN2MzMjkxNDU4YWQxZiIsInVzZXJfaWQiOiIyIn0.GPb2WYrFFYr8A_TQQ0S8rQjpdBcnW9sA94TOS7uxoDc",
    "created_at": "2025-09-05T19:27:13.908Z",
    "expires_at": "2025-09-05T19:57:13Z"
  }
},
{
  "model": "token_blacklist.outstandingtoken",
  "pk": 2,
  "fields": {
    "user": 2,
    "jti": "efa935167c6b4b4198df2405222fc219",
    "token": "eyJhbGciOiJIUzI1NiIsInR5cCI6IkpXVCJ9.eyJ0b2tlbl90eXBlIjoicmVmcmVzaCIsImV4cCI6MTc1NzEwMjM1NiwiaWF0IjoxNzU3MTAwNTU2LCJqdGkiOiJlZmE5MzUxNjdjNmI0YjQxOThkZjI0MDUyMjJmYzIxOSIsInVzZXJfaWQiOiIyIn0.XDVnEKUaUprEFioqg4jKwEBV_TdouGvgvKljWz1Sjes",
    "created_at": "2025-09-05T19:29:16.842Z",
    "expires_at": "2025-09-05T19:59:16Z"
  }
},
{
  "model": "token_blacklist.outstandingtoken",
  "pk": 3,
  "fields": {
    "user": 1,
    "jti": "b07aed31e0f046cf8f40cc5996eb4dee",
    "token": "eyJhbGciOiJIUzI1NiIsInR5cCI6IkpXVCJ9.eyJ0b2tlbl90eXBlIjoicmVmcmVzaCIsImV4cCI6MTc1NzEwMjUwOCwiaWF0IjoxNzU3MTAwNzA4LCJqdGkiOiJiMDdhZWQzMWUwZjA0NmNmOGY0MGNjNTk5NmViNGRlZSIsInVzZXJfaWQiOiIxIn0.-DvFRQjHGjzGSTiO31CWY_XpPqvyOAeq46UKOBg3Pu0",
    "created_at": "2025-09-05T19:31:48.002Z",
    "expires_at": "2025-09-05T20:01:48Z"
  }
},
{
  "model": "token_blacklist.outstandingtoken",
  "pk": 4,
  "fields": {
    "user": 2,
    "jti": "9841f570ab95468c942f9d56f0c88f1c",
    "token": "eyJhbGciOiJIUzI1NiIsInR5cCI6IkpXVCJ9.eyJ0b2tlbl90eXBlIjoicmVmcmVzaCIsImV4cCI6MTc1NzEwMjgxMCwiaWF0IjoxNzU3MTAxMDEwLCJqdGkiOiI5ODQxZjU3MGFiOTU0NjhjOTQyZjlkNTZmMGM4OGYxYyIsInVzZXJfaWQiOiIyIn0.7QmBbmfpjgPiahPFj93DJCx24-mMqB0WaYvinGJPyTY",
    "created_at": "2025-09-05T19:36:50.791Z",
    "expires_at": "2025-09-05T20:06:50Z"
  }
},
{
  "model": "token_blacklist.outstandingtoken",
  "pk": 5,
  "fields": {
    "user": 3,
    "jti": "92f95963f4b9482ab8642a0b1a302e01",
    "token": "eyJhbGciOiJIUzI1NiIsInR5cCI6IkpXVCJ9.eyJ0b2tlbl90eXBlIjoicmVmcmVzaCIsImV4cCI6MTc1NzEwMjkyOCwiaWF0IjoxNzU3MTAxMTI4LCJqdGkiOiI5MmY5NTk2M2Y0Yjk0ODJhYjg2NDJhMGIxYTMwMmUwMSIsInVzZXJfaWQiOiIzIn0.1FdPDooyQ_rWHOpGTUoHaSmd9YWtBjwxcH2SmEgFkrw",
    "created_at": "2025-09-05T19:38:48.555Z",
    "expires_at": "2025-09-05T20:08:48Z"
  }
},
{
  "model": "token_blacklist.outstandingtoken",
  "pk": 6,
  "fields": {
    "user": 4,
    "jti": "dc6bc306b1e142c98131a6407f57dd11",
    "token": "eyJhbGciOiJIUzI1NiIsInR5cCI6IkpXVCJ9.eyJ0b2tlbl90eXBlIjoicmVmcmVzaCIsImV4cCI6MTc1NzEwMjk5MSwiaWF0IjoxNzU3MTAxMTkxLCJqdGkiOiJkYzZiYzMwNmIxZTE0MmM5ODEzMWE2NDA3ZjU3ZGQxMSIsInVzZXJfaWQiOiI0In0.ximLMaU3IhcrfXQeO_M8_PHZaXVNnIXrzx3Brdf-Hxs",
    "created_at": "2025-09-05T19:39:51.890Z",
    "expires_at": "2025-09-05T20:09:51Z"
  }
},
{
  "model": "token_blacklist.outstandingtoken",
  "pk": 7,
  "fields": {
    "user": 5,
    "jti": "9b1f521d9292452287ccb13c93ff79b4",
    "token": "eyJhbGciOiJIUzI1NiIsInR5cCI6IkpXVCJ9.eyJ0b2tlbl90eXBlIjoicmVmcmVzaCIsImV4cCI6MTc1NzEwMzA2MCwiaWF0IjoxNzU3MTAxMjYwLCJqdGkiOiI5YjFmNTIxZDkyOTI0NTIyODdjY2IxM2M5M2ZmNzliNCIsInVzZXJfaWQiOiI1In0.A1tAift__TAcsIg0sGPw6cKjWabaGfGksCgFMQE5aBA",
    "created_at": "2025-09-05T19:41:00.602Z",
    "expires_at": "2025-09-05T20:11:00Z"
  }
},
{
  "model": "token_blacklist.outstandingtoken",
  "pk": 8,
  "fields": {
    "user": 6,
    "jti": "29e81402031f48f58f29ae1929a1f1e6",
    "token": "eyJhbGciOiJIUzI1NiIsInR5cCI6IkpXVCJ9.eyJ0b2tlbl90eXBlIjoicmVmcmVzaCIsImV4cCI6MTc1NzEwMzEyMiwiaWF0IjoxNzU3MTAxMzIyLCJqdGkiOiIyOWU4MTQwMjAzMWY0OGY1OGYyOWFlMTkyOWExZjFlNiIsInVzZXJfaWQiOiI2In0.9sGn6A4qPHsf2xaLy92FCo4XHqPUhmCOiOw5WL8JP80",
    "created_at": "2025-09-05T19:42:02.584Z",
    "expires_at": "2025-09-05T20:12:02Z"
  }
},
{
  "model": "token_blacklist.outstandingtoken",
  "pk": 9,
  "fields": {
    "user": 7,
    "jti": "2023c947b65d466f8058442b6de4a73d",
    "token": "eyJhbGciOiJIUzI1NiIsInR5cCI6IkpXVCJ9.eyJ0b2tlbl90eXBlIjoicmVmcmVzaCIsImV4cCI6MTc1NzEwMzE4OCwiaWF0IjoxNzU3MTAxMzg4LCJqdGkiOiIyMDIzYzk0N2I2NWQ0NjZmODA1ODQ0MmI2ZGU0YTczZCIsInVzZXJfaWQiOiI3In0.DFzNu1JO7yC0LoH4g5YHzykcdQbuC8JS0mYjtKySb8I",
    "created_at": "2025-09-05T19:43:08.527Z",
    "expires_at": "2025-09-05T20:13:08Z"
  }
},
{
  "model": "token_blacklist.outstandingtoken",
  "pk": 10,
  "fields": {
    "user": 8,
    "jti": "dcfc9577e4d541559872a23b3e2753d3",
    "token": "eyJhbGciOiJIUzI1NiIsInR5cCI6IkpXVCJ9.eyJ0b2tlbl90eXBlIjoicmVmcmVzaCIsImV4cCI6MTc1NzEwMzI2NCwiaWF0IjoxNzU3MTAxNDY0LCJqdGkiOiJkY2ZjOTU3N2U0ZDU0MTU1OTg3MmEyM2IzZTI3NTNkMyIsInVzZXJfaWQiOiI4In0.gh2Odm8aoX4FkCjYmdr2fGuuru2VXFVQeKRRFZnw1ZU",
    "created_at": "2025-09-05T19:44:24.000Z",
    "expires_at": "2025-09-05T20:14:24Z"
  }
},
{
  "model": "token_blacklist.outstandingtoken",
  "pk": 11,
  "fields": {
    "user": 9,
    "jti": "1ba3105f5a964c29936c01a6c93ce1c1",
    "token": "eyJhbGciOiJIUzI1NiIsInR5cCI6IkpXVCJ9.eyJ0b2tlbl90eXBlIjoicmVmcmVzaCIsImV4cCI6MTc1NzEwMzMyNCwiaWF0IjoxNzU3MTAxNTI0LCJqdGkiOiIxYmEzMTA1ZjVhOTY0YzI5OTM2YzAxYTZjOTNjZTFjMSIsInVzZXJfaWQiOiI5In0.UXHtusHfEFnkN_if3_IcogXuB8_mzQaRAjnOnzdZOEU",
    "created_at": "2025-09-05T19:45:24.644Z",
    "expires_at": "2025-09-05T20:15:24Z"
  }
},
{
  "model": "token_blacklist.outstandingtoken",
  "pk": 12,
  "fields": {
    "user": 2,
    "jti": "2e1eb9cc3205477a8fee17cdeb9af730",
    "token": "eyJhbGciOiJIUzI1NiIsInR5cCI6IkpXVCJ9.eyJ0b2tlbl90eXBlIjoicmVmcmVzaCIsImV4cCI6MTc1NzEwMzM4OCwiaWF0IjoxNzU3MTAxNTg4LCJqdGkiOiIyZTFlYjljYzMyMDU0NzdhOGZlZTE3Y2RlYjlhZjczMCIsInVzZXJfaWQiOiIyIn0.Er1Uv6rqjOejIVoiHNOx3HtZ8dfxnyS51fyFEW0ZNbo",
    "created_at": "2025-09-05T19:46:28.114Z",
    "expires_at": "2025-09-05T20:16:28Z"
  }
},
{
  "model": "token_blacklist.outstandingtoken",
  "pk": 13,
  "fields": {
    "user": 5,
    "jti": "66d04a6b7a4849eb93f7ade5e9212291",
    "token": "eyJhbGciOiJIUzI1NiIsInR5cCI6IkpXVCJ9.eyJ0b2tlbl90eXBlIjoicmVmcmVzaCIsImV4cCI6MTc1NzEwMzQ1MCwiaWF0IjoxNzU3MTAxNjUwLCJqdGkiOiI2NmQwNGE2YjdhNDg0OWViOTNmN2FkZTVlOTIxMjI5MSIsInVzZXJfaWQiOiI1In0.LVb24czSQt3IVuUntqdheg7PA6Bxl1c-nIILDom4Ee0",
    "created_at": "2025-09-05T19:47:30.915Z",
    "expires_at": "2025-09-05T20:17:30Z"
  }
},
{
  "model": "token_blacklist.outstandingtoken",
  "pk": 14,
  "fields": {
    "user": 8,
    "jti": "ff09f25ca011493287c2e6a273b61aec",
    "token": "eyJhbGciOiJIUzI1NiIsInR5cCI6IkpXVCJ9.eyJ0b2tlbl90eXBlIjoicmVmcmVzaCIsImV4cCI6MTc1NzEwMzU5NCwiaWF0IjoxNzU3MTAxNzk0LCJqdGkiOiJmZjA5ZjI1Y2EwMTE0OTMyODdjMmU2YTI3M2I2MWFlYyIsInVzZXJfaWQiOiI4In0.YIO0XQUVKHsjnWv7Ypl3p90h162iN6wuZRQkzTO4Xw8",
    "created_at": "2025-09-05T19:49:54.456Z",
    "expires_at": "2025-09-05T20:19:54Z"
  }
},
{
  "model": "token_blacklist.outstandingtoken",
  "pk": 15,
  "fields": {
    "user": 9,
    "jti": "8c57eb896d8040c49e9466455524605a",
    "token": "eyJhbGciOiJIUzI1NiIsInR5cCI6IkpXVCJ9.eyJ0b2tlbl90eXBlIjoicmVmcmVzaCIsImV4cCI6MTc1NzEwMzY1OSwiaWF0IjoxNzU3MTAxODU5LCJqdGkiOiI4YzU3ZWI4OTZkODA0MGM0OWU5NDY2NDU1NTI0NjA1YSIsInVzZXJfaWQiOiI5In0.wvdhZxeDDxiX1IB4Dg2MF1m8lsWDcDtjtBHAwYtpTZQ",
    "created_at": "2025-09-05T19:50:59.921Z",
    "expires_at": "2025-09-05T20:20:59Z"
  }
},
{
  "model": "token_blacklist.outstandingtoken",
  "pk": 16,
  "fields": {
    "user": 4,
    "jti": "76cd8a3a4e7341569053d37641ec88a2",
    "token": "eyJhbGciOiJIUzI1NiIsInR5cCI6IkpXVCJ9.eyJ0b2tlbl90eXBlIjoicmVmcmVzaCIsImV4cCI6MTc1NzEwMzcyNiwiaWF0IjoxNzU3MTAxOTI2LCJqdGkiOiI3NmNkOGEzYTRlNzM0MTU2OTA1M2QzNzY0MWVjODhhMiIsInVzZXJfaWQiOiI0In0.f_aIRUf2sRDXSN_9ZC9qXBKek-uUnPc-VGbWH8iLtV8",
    "created_at": "2025-09-05T19:52:06.445Z",
    "expires_at": "2025-09-05T20:22:06Z"
  }
},
{
  "model": "token_blacklist.outstandingtoken",
  "pk": 17,
  "fields": {
    "user": 6,
    "jti": "51f4a6164ac14d02bbe69543e1d931b6",
    "token": "eyJhbGciOiJIUzI1NiIsInR5cCI6IkpXVCJ9.eyJ0b2tlbl90eXBlIjoicmVmcmVzaCIsImV4cCI6MTc1NzEwMzc4MywiaWF0IjoxNzU3MTAxOTgzLCJqdGkiOiI1MWY0YTYxNjRhYzE0ZDAyYmJlNjk1NDNlMWQ5MzFiNiIsInVzZXJfaWQiOiI2In0.NTsJNlhzA5OzhdYfin3jtYvEMReIf1arLsE7dO_rMl8",
    "created_at": "2025-09-05T19:53:03.434Z",
    "expires_at": "2025-09-05T20:23:03Z"
  }
},
{
  "model": "token_blacklist.outstandingtoken",
  "pk": 18,
  "fields": {
    "user": 2,
    "jti": "96dae7c34681422180517ac8797fbe80",
    "token": "eyJhbGciOiJIUzI1NiIsInR5cCI6IkpXVCJ9.eyJ0b2tlbl90eXBlIjoicmVmcmVzaCIsImV4cCI6MTc1NzEwMzg5MCwiaWF0IjoxNzU3MTAyMDkwLCJqdGkiOiI5NmRhZTdjMzQ2ODE0MjIxODA1MTdhYzg3OTdmYmU4MCIsInVzZXJfaWQiOiIyIn0.bq4sJImVX9SVRMf6VsK06jfzL7wMEsfyBV4-T7odJ_k",
    "created_at": "2025-09-05T19:54:50.913Z",
    "expires_at": "2025-09-05T20:24:50Z"
  }
},
{
  "model": "token_blacklist.outstandingtoken",
  "pk": 19,
  "fields": {
    "user": 3,
    "jti": "56081d10d1414e85acd022c7bfca5993",
    "token": "eyJhbGciOiJIUzI1NiIsInR5cCI6IkpXVCJ9.eyJ0b2tlbl90eXBlIjoicmVmcmVzaCIsImV4cCI6MTc1NzEwNDQ0MiwiaWF0IjoxNzU3MTAyNjQyLCJqdGkiOiI1NjA4MWQxMGQxNDE0ZTg1YWNkMDIyYzdiZmNhNTk5MyIsInVzZXJfaWQiOiIzIn0.N1Sp4t16rhio4OO6669YcL7bGH38-YeKhOLkGrhJqAQ",
    "created_at": "2025-09-05T20:04:02.636Z",
    "expires_at": "2025-09-05T20:34:02Z"
  }
},
{
  "model": "token_blacklist.outstandingtoken",
  "pk": 20,
  "fields": {
    "user": 2,
    "jti": "ae6c4c0b6dcf42858764610190e0896e",
    "token": "eyJhbGciOiJIUzI1NiIsInR5cCI6IkpXVCJ9.eyJ0b2tlbl90eXBlIjoicmVmcmVzaCIsImV4cCI6MTc1NzEwNDY5NCwiaWF0IjoxNzU3MTAyODk0LCJqdGkiOiJhZTZjNGMwYjZkY2Y0Mjg1ODc2NDYxMDE5MGUwODk2ZSIsInVzZXJfaWQiOiIyIn0.baKZ6DsZl0twLob9gzivgmirOYj77AcAuc9v2rK9rr0",
    "created_at": "2025-09-05T20:08:14.143Z",
    "expires_at": "2025-09-05T20:38:14Z"
  }
},
{
  "model": "token_blacklist.outstandingtoken",
  "pk": 21,
  "fields": {
    "user": 4,
    "jti": "609e01ab771340e3909a808d2dd61d6b",
    "token": "eyJhbGciOiJIUzI1NiIsInR5cCI6IkpXVCJ9.eyJ0b2tlbl90eXBlIjoicmVmcmVzaCIsImV4cCI6MTc1NzEwNDg2MywiaWF0IjoxNzU3MTAzMDYzLCJqdGkiOiI2MDllMDFhYjc3MTM0MGUzOTA5YTgwOGQyZGQ2MWQ2YiIsInVzZXJfaWQiOiI0In0.0dJr__AnYteDpuGvfSeLOMQl8XYio8UNH4GRTSa9S8U",
    "created_at": "2025-09-05T20:11:03.444Z",
    "expires_at": "2025-09-05T20:41:03Z"
  }
},
{
  "model": "token_blacklist.outstandingtoken",
  "pk": 22,
  "fields": {
    "user": 5,
    "jti": "81bfc4d39b2c43329422f6c09434e949",
    "token": "eyJhbGciOiJIUzI1NiIsInR5cCI6IkpXVCJ9.eyJ0b2tlbl90eXBlIjoicmVmcmVzaCIsImV4cCI6MTc1NzEwNTAwMSwiaWF0IjoxNzU3MTAzMjAxLCJqdGkiOiI4MWJmYzRkMzliMmM0MzMyOTQyMmY2YzA5NDM0ZTk0OSIsInVzZXJfaWQiOiI1In0.ciM5j6loO4p-7LPooTwnm0NOOGMv6KTiZk2EgvQkHKg",
    "created_at": "2025-09-05T20:13:21.324Z",
    "expires_at": "2025-09-05T20:43:21Z"
  }
},
{
  "model": "token_blacklist.outstandingtoken",
  "pk": 23,
  "fields": {
    "user": 6,
    "jti": "c99413bc413b44aabd455ccaf24f701a",
    "token": "eyJhbGciOiJIUzI1NiIsInR5cCI6IkpXVCJ9.eyJ0b2tlbl90eXBlIjoicmVmcmVzaCIsImV4cCI6MTc1NzEwNTA1NSwiaWF0IjoxNzU3MTAzMjU1LCJqdGkiOiJjOTk0MTNiYzQxM2I0NGFhYmQ0NTVjY2FmMjRmNzAxYSIsInVzZXJfaWQiOiI2In0.RXd-rO6CeCJDzCHXLWSz5r85pPQgi8yqN7M7OrgGRes",
    "created_at": "2025-09-05T20:14:15.966Z",
    "expires_at": "2025-09-05T20:44:15Z"
  }
},
{
  "model": "token_blacklist.outstandingtoken",
  "pk": 24,
  "fields": {
    "user": 7,
    "jti": "d01d6ea9ee6744e0b930d41b3e206ed2",
    "token": "eyJhbGciOiJIUzI1NiIsInR5cCI6IkpXVCJ9.eyJ0b2tlbl90eXBlIjoicmVmcmVzaCIsImV4cCI6MTc1NzEwNTExNSwiaWF0IjoxNzU3MTAzMzE1LCJqdGkiOiJkMDFkNmVhOWVlNjc0NGUwYjkzMGQ0MWIzZTIwNmVkMiIsInVzZXJfaWQiOiI3In0.A0A0fvqDR0khP6R79oI6fhbKw7t_UTWZwPzgNuzHIts",
    "created_at": "2025-09-05T20:15:15.933Z",
    "expires_at": "2025-09-05T20:45:15Z"
  }
},
{
  "model": "token_blacklist.outstandingtoken",
  "pk": 25,
  "fields": {
    "user": 8,
    "jti": "fcad45f72e4c44079a65cf949585138d",
    "token": "eyJhbGciOiJIUzI1NiIsInR5cCI6IkpXVCJ9.eyJ0b2tlbl90eXBlIjoicmVmcmVzaCIsImV4cCI6MTc1NzEwNTE3NCwiaWF0IjoxNzU3MTAzMzc0LCJqdGkiOiJmY2FkNDVmNzJlNGM0NDA3OWE2NWNmOTQ5NTg1MTM4ZCIsInVzZXJfaWQiOiI4In0.ETkTG4HqZ5w_2haUE2n5xOpmz92PYNcGtrL5F167jY8",
    "created_at": "2025-09-05T20:16:14.469Z",
    "expires_at": "2025-09-05T20:46:14Z"
  }
},
{
  "model": "token_blacklist.outstandingtoken",
  "pk": 26,
  "fields": {
    "user": 2,
    "jti": "dfb736ecbd69475693a539fa5c7b6cb2",
    "token": "eyJhbGciOiJIUzI1NiIsInR5cCI6IkpXVCJ9.eyJ0b2tlbl90eXBlIjoicmVmcmVzaCIsImV4cCI6MTc1NzEwNTIyMiwiaWF0IjoxNzU3MTAzNDIyLCJqdGkiOiJkZmI3MzZlY2JkNjk0NzU2OTNhNTM5ZmE1YzdiNmNiMiIsInVzZXJfaWQiOiIyIn0.GBFvqFEohjNQwp_YUm3bH3j_VZd4oezMwSsS7xmXIck",
    "created_at": "2025-09-05T20:17:02.549Z",
    "expires_at": "2025-09-05T20:47:02Z"
  }
},
{
  "model": "token_blacklist.outstandingtoken",
  "pk": 27,
  "fields": {
    "user": 9,
    "jti": "2537a041adc4447bbcc4e7099cd46071",
    "token": "eyJhbGciOiJIUzI1NiIsInR5cCI6IkpXVCJ9.eyJ0b2tlbl90eXBlIjoicmVmcmVzaCIsImV4cCI6MTc1NzEwNTI0NywiaWF0IjoxNzU3MTAzNDQ3LCJqdGkiOiIyNTM3YTA0MWFkYzQ0NDdiYmNjNGU3MDk5Y2Q0NjA3MSIsInVzZXJfaWQiOiI5In0.a2nBmJEumMgZQzH2wJNr6u7gUHug_DjDooM6NE3gqGs",
    "created_at": "2025-09-05T20:17:27.165Z",
    "expires_at": "2025-09-05T20:47:27Z"
  }
},
{
  "model": "token_blacklist.outstandingtoken",
  "pk": 28,
  "fields": {
    "user": 3,
    "jti": "37f4f60dce44440ca33b9ffde9783107",
    "token": "eyJhbGciOiJIUzI1NiIsInR5cCI6IkpXVCJ9.eyJ0b2tlbl90eXBlIjoicmVmcmVzaCIsImV4cCI6MTc1NzEwNTgxNSwiaWF0IjoxNzU3MTA0MDE1LCJqdGkiOiIzN2Y0ZjYwZGNlNDQ0NDBjYTMzYjlmZmRlOTc4MzEwNyIsInVzZXJfaWQiOiIzIn0.GWZPVR_jN84aaBvkrY__bKFwYMZk8eTqLe6DIf_Mql0",
    "created_at": "2025-09-05T20:26:55.034Z",
    "expires_at": "2025-09-05T20:56:55Z"
  }
},
{
  "model": "token_blacklist.outstandingtoken",
  "pk": 29,
  "fields": {
    "user": 3,
    "jti": "8f721808da5845c8b7e5390570636696",
    "token": "eyJhbGciOiJIUzI1NiIsInR5cCI6IkpXVCJ9.eyJ0b2tlbl90eXBlIjoicmVmcmVzaCIsImV4cCI6MTc1NzEwNTg1OSwiaWF0IjoxNzU3MTA0MDU5LCJqdGkiOiI4ZjcyMTgwOGRhNTg0NWM4YjdlNTM5MDU3MDYzNjY5NiIsInVzZXJfaWQiOiIzIn0.0kX5IJvFFvM4Pxs0_WGtNiWdK6AafL_FYTWXVeSSONw",
    "created_at": "2025-09-05T20:27:39.618Z",
    "expires_at": "2025-09-05T20:57:39Z"
  }
},
{
  "model": "token_blacklist.outstandingtoken",
  "pk": 30,
  "fields": {
    "user": 4,
    "jti": "048cce5ba4da4255866f2f670cce56a9",
    "token": "eyJhbGciOiJIUzI1NiIsInR5cCI6IkpXVCJ9.eyJ0b2tlbl90eXBlIjoicmVmcmVzaCIsImV4cCI6MTc1NzEwNTk5MiwiaWF0IjoxNzU3MTA0MTkyLCJqdGkiOiIwNDhjY2U1YmE0ZGE0MjU1ODY2ZjJmNjcwY2NlNTZhOSIsInVzZXJfaWQiOiI0In0.VmQgGtelVkryh9jEdRzLtu36TF2pvZizAhg3EmC3kLE",
    "created_at": "2025-09-05T20:29:52.327Z",
    "expires_at": "2025-09-05T20:59:52Z"
  }
},
{
  "model": "token_blacklist.outstandingtoken",
  "pk": 31,
  "fields": {
    "user": 5,
    "jti": "cd2b95866e9a4e8ea8fb191ef1627dfe",
    "token": "eyJhbGciOiJIUzI1NiIsInR5cCI6IkpXVCJ9.eyJ0b2tlbl90eXBlIjoicmVmcmVzaCIsImV4cCI6MTc1NzEwNjA0NSwiaWF0IjoxNzU3MTA0MjQ1LCJqdGkiOiJjZDJiOTU4NjZlOWE0ZThlYThmYjE5MWVmMTYyN2RmZSIsInVzZXJfaWQiOiI1In0.7YNBCJRswWSQUs8-KiD96TIvU6qvIsXDbzRBpXTTp3M",
    "created_at": "2025-09-05T20:30:45.688Z",
    "expires_at": "2025-09-05T21:00:45Z"
  }
},
{
  "model": "token_blacklist.outstandingtoken",
  "pk": 32,
  "fields": {
    "user": 6,
    "jti": "e468f7a403604eab8b7d90a5d414078c",
    "token": "eyJhbGciOiJIUzI1NiIsInR5cCI6IkpXVCJ9.eyJ0b2tlbl90eXBlIjoicmVmcmVzaCIsImV4cCI6MTc1NzEwNjA4MiwiaWF0IjoxNzU3MTA0MjgyLCJqdGkiOiJlNDY4ZjdhNDAzNjA0ZWFiOGI3ZDkwYTVkNDE0MDc4YyIsInVzZXJfaWQiOiI2In0.w-qQcKA-g4K65VCVfiVhRqiUxhDIT5xySBqyrnImwiE",
    "created_at": "2025-09-05T20:31:22.414Z",
    "expires_at": "2025-09-05T21:01:22Z"
  }
},
{
  "model": "token_blacklist.blacklistedtoken",
  "pk": 1,
  "fields": {
    "token": 1,
    "blacklisted_at": "2025-09-05T19:29:03.710Z"
  }
},
{
  "model": "token_blacklist.blacklistedtoken",
  "pk": 2,
  "fields": {
    "token": 3,
    "blacklisted_at": "2025-09-05T19:36:34.972Z"
  }
},
{
  "model": "token_blacklist.blacklistedtoken",
  "pk": 3,
  "fields": {
    "token": 4,
    "blacklisted_at": "2025-09-05T19:38:36.458Z"
  }
},
{
  "model": "token_blacklist.blacklistedtoken",
  "pk": 4,
  "fields": {
    "token": 5,
    "blacklisted_at": "2025-09-05T19:39:37.401Z"
  }
},
{
  "model": "token_blacklist.blacklistedtoken",
  "pk": 5,
  "fields": {
    "token": 6,
    "blacklisted_at": "2025-09-05T19:40:50.942Z"
  }
},
{
  "model": "token_blacklist.blacklistedtoken",
  "pk": 6,
  "fields": {
    "token": 7,
    "blacklisted_at": "2025-09-05T19:41:46.627Z"
  }
},
{
  "model": "token_blacklist.blacklistedtoken",
  "pk": 7,
  "fields": {
    "token": 8,
    "blacklisted_at": "2025-09-05T19:42:42.161Z"
  }
},
{
  "model": "token_blacklist.blacklistedtoken",
  "pk": 8,
  "fields": {
    "token": 9,
    "blacklisted_at": "2025-09-05T19:44:13.043Z"
  }
},
{
  "model": "token_blacklist.blacklistedtoken",
  "pk": 9,
  "fields": {
    "token": 10,
    "blacklisted_at": "2025-09-05T19:45:06.157Z"
  }
},
{
  "model": "token_blacklist.blacklistedtoken",
  "pk": 10,
  "fields": {
    "token": 11,
    "blacklisted_at": "2025-09-05T19:46:19.702Z"
  }
},
{
  "model": "token_blacklist.blacklistedtoken",
  "pk": 11,
  "fields": {
    "token": 12,
    "blacklisted_at": "2025-09-05T19:47:15.408Z"
  }
},
{
  "model": "token_blacklist.blacklistedtoken",
  "pk": 12,
  "fields": {
    "token": 13,
    "blacklisted_at": "2025-09-05T19:49:39.632Z"
  }
},
{
  "model": "token_blacklist.blacklistedtoken",
  "pk": 13,
  "fields": {
    "token": 14,
    "blacklisted_at": "2025-09-05T19:50:47.853Z"
  }
},
{
  "model": "token_blacklist.blacklistedtoken",
  "pk": 14,
  "fields": {
    "token": 15,
    "blacklisted_at": "2025-09-05T19:51:54.791Z"
  }
},
{
  "model": "token_blacklist.blacklistedtoken",
  "pk": 15,
  "fields": {
    "token": 16,
    "blacklisted_at": "2025-09-05T19:52:48.600Z"
  }
},
{
  "model": "token_blacklist.blacklistedtoken",
  "pk": 16,
  "fields": {
    "token": 17,
    "blacklisted_at": "2025-09-05T19:54:10.961Z"
  }
},
{
  "model": "token_blacklist.blacklistedtoken",
  "pk": 17,
  "fields": {
    "token": 18,
    "blacklisted_at": "2025-09-05T20:03:40.174Z"
  }
},
{
  "model": "token_blacklist.blacklistedtoken",
  "pk": 18,
  "fields": {
    "token": 19,
    "blacklisted_at": "2025-09-05T20:07:48.831Z"
  }
},
{
  "model": "token_blacklist.blacklistedtoken",
  "pk": 19,
  "fields": {
    "token": 20,
    "blacklisted_at": "2025-09-05T20:10:45.263Z"
  }
},
{
  "model": "token_blacklist.blacklistedtoken",
  "pk": 20,
  "fields": {
    "token": 21,
    "blacklisted_at": "2025-09-05T20:13:10.378Z"
  }
},
{
  "model": "token_blacklist.blacklistedtoken",
  "pk": 21,
  "fields": {
    "token": 22,
    "blacklisted_at": "2025-09-05T20:14:08.547Z"
  }
},
{
  "model": "token_blacklist.blacklistedtoken",
  "pk": 22,
  "fields": {
    "token": 23,
    "blacklisted_at": "2025-09-05T20:15:04.031Z"
  }
},
{
  "model": "token_blacklist.blacklistedtoken",
  "pk": 23,
  "fields": {
    "token": 24,
    "blacklisted_at": "2025-09-05T20:15:58.160Z"
  }
},
{
  "model": "token_blacklist.blacklistedtoken",
  "pk": 24,
  "fields": {
    "token": 25,
    "blacklisted_at": "2025-09-05T20:17:00.218Z"
  }
},
{
  "model": "token_blacklist.blacklistedtoken",
  "pk": 25,
  "fields": {
    "token": 26,
    "blacklisted_at": "2025-09-05T20:17:07.962Z"
  }
},
{
  "model": "token_blacklist.blacklistedtoken",
  "pk": 26,
  "fields": {
    "token": 27,
    "blacklisted_at": "2025-09-05T20:25:47.169Z"
  }
},
{
  "model": "token_blacklist.blacklistedtoken",
  "pk": 27,
  "fields": {
    "token": 28,
    "blacklisted_at": "2025-09-05T20:27:30.373Z"
  }
},
{
  "model": "token_blacklist.blacklistedtoken",
  "pk": 28,
  "fields": {
    "token": 29,
    "blacklisted_at": "2025-09-05T20:29:22.660Z"
  }
},
{
  "model": "token_blacklist.blacklistedtoken",
  "pk": 29,
  "fields": {
    "token": 30,
    "blacklisted_at": "2025-09-05T20:30:35.922Z"
  }
},
{
  "model": "token_blacklist.blacklistedtoken",
  "pk": 30,
  "fields": {
    "token": 31,
    "blacklisted_at": "2025-09-05T20:31:15.093Z"
  }
},
{
  "model": "auth.permission",
  "pk": 1,
  "fields": {
    "name": "Can add user",
    "content_type": 1,
    "codename": "add_user"
  }
},
{
  "model": "auth.permission",
  "pk": 2,
  "fields": {
    "name": "Can change user",
    "content_type": 1,
    "codename": "change_user"
  }
},
{
  "model": "auth.permission",
  "pk": 3,
  "fields": {
    "name": "Can delete user",
    "content_type": 1,
    "codename": "delete_user"
  }
},
{
  "model": "auth.permission",
  "pk": 4,
  "fields": {
    "name": "Can view user",
    "content_type": 1,
    "codename": "view_user"
  }
},
{
  "model": "auth.permission",
  "pk": 5,
  "fields": {
    "name": "Can add post",
    "content_type": 2,
    "codename": "add_post"
  }
},
{
  "model": "auth.permission",
  "pk": 6,
  "fields": {
    "name": "Can change post",
    "content_type": 2,
    "codename": "change_post"
  }
},
{
  "model": "auth.permission",
  "pk": 7,
  "fields": {
    "name": "Can delete post",
    "content_type": 2,
    "codename": "delete_post"
  }
},
{
  "model": "auth.permission",
  "pk": 8,
  "fields": {
    "name": "Can view post",
    "content_type": 2,
    "codename": "view_post"
  }
},
{
  "model": "auth.permission",
  "pk": 9,
  "fields": {
    "name": "Can add comment",
    "content_type": 3,
    "codename": "add_comment"
  }
},
{
  "model": "auth.permission",
  "pk": 10,
  "fields": {
    "name": "Can change comment",
    "content_type": 3,
    "codename": "change_comment"
  }
},
{
  "model": "auth.permission",
  "pk": 11,
  "fields": {
    "name": "Can delete comment",
    "content_type": 3,
    "codename": "delete_comment"
  }
},
{
  "model": "auth.permission",
  "pk": 12,
  "fields": {
    "name": "Can view comment",
    "content_type": 3,
    "codename": "view_comment"
  }
},
{
  "model": "auth.permission",
  "pk": 13,
  "fields": {
    "name": "Can add tag",
    "content_type": 4,
    "codename": "add_tag"
  }
},
{
  "model": "auth.permission",
  "pk": 14,
  "fields": {
    "name": "Can change tag",
    "content_type": 4,
    "codename": "change_tag"
  }
},
{
  "model": "auth.permission",
  "pk": 15,
  "fields": {
    "name": "Can delete tag",
    "content_type": 4,
    "codename": "delete_tag"
  }
},
{
  "model": "auth.permission",
  "pk": 16,
  "fields": {
    "name": "Can view tag",
    "content_type": 4,
    "codename": "view_tag"
  }
},
{
  "model": "auth.permission",
  "pk": 17,
  "fields": {
    "name": "Can add tagged item",
    "content_type": 5,
    "codename": "add_taggeditem"
  }
},
{
  "model": "auth.permission",
  "pk": 18,
  "fields": {
    "name": "Can change tagged item",
    "content_type": 5,
    "codename": "change_taggeditem"
  }
},
{
  "model": "auth.permission",
  "pk": 19,
  "fields": {
    "name": "Can delete tagged item",
    "content_type": 5,
    "codename": "delete_taggeditem"
  }
},
{
  "model": "auth.permission",
  "pk": 20,
  "fields": {
    "name": "Can view tagged item",
    "content_type": 5,
    "codename": "view_taggeditem"
  }
},
{
  "model": "auth.permission",
  "pk": 21,
  "fields": {
    "name": "Can add Blacklisted Token",
    "content_type": 6,
    "codename": "add_blacklistedtoken"
  }
},
{
  "model": "auth.permission",
  "pk": 22,
  "fields": {
    "name": "Can change Blacklisted Token",
    "content_type": 6,
    "codename": "change_blacklistedtoken"
  }
},
{
  "model": "auth.permission",
  "pk": 23,
  "fields": {
    "name": "Can delete Blacklisted Token",
    "content_type": 6,
    "codename": "delete_blacklistedtoken"
  }
},
{
  "model": "auth.permission",
  "pk": 24,
  "fields": {
    "name": "Can view Blacklisted Token",
    "content_type": 6,
    "codename": "view_blacklistedtoken"
  }
},
{
  "model": "auth.permission",
  "pk": 25,
  "fields": {
    "name": "Can add Outstanding Token",
    "content_type": 7,
    "codename": "add_outstandingtoken"
  }
},
{
  "model": "auth.permission",
  "pk": 26,
  "fields": {
    "name": "Can change Outstanding Token",
    "content_type": 7,
    "codename": "change_outstandingtoken"
  }
},
{
  "model": "auth.permission",
  "pk": 27,
  "fields": {
    "name": "Can delete Outstanding Token",
    "content_type": 7,
    "codename": "delete_outstandingtoken"
  }
},
{
  "model": "auth.permission",
  "pk": 28,
  "fields": {
    "name": "Can view Outstanding Token",
    "content_type": 7,
    "codename": "view_outstandingtoken"
  }
},
{
  "model": "auth.permission",
  "pk": 29,
  "fields": {
    "name": "Can add history entry",
    "content_type": 8,
    "codename": "add_historyentry"
  }
},
{
  "model": "auth.permission",
  "pk": 30,
  "fields": {
    "name": "Can change history entry",
    "content_type": 8,
    "codename": "change_historyentry"
  }
},
{
  "model": "auth.permission",
  "pk": 31,
  "fields": {
    "name": "Can delete history entry",
    "content_type": 8,
    "codename": "delete_historyentry"
  }
},
{
  "model": "auth.permission",
  "pk": 32,
  "fields": {
    "name": "Can view history entry",
    "content_type": 8,
    "codename": "view_historyentry"
  }
},
{
  "model": "auth.permission",
  "pk": 33,
  "fields": {
    "name": "Can add log entry",
    "content_type": 9,
    "codename": "add_logentry"
  }
},
{
  "model": "auth.permission",
  "pk": 34,
  "fields": {
    "name": "Can change log entry",
    "content_type": 9,
    "codename": "change_logentry"
  }
},
{
  "model": "auth.permission",
  "pk": 35,
  "fields": {
    "name": "Can delete log entry",
    "content_type": 9,
    "codename": "delete_logentry"
  }
},
{
  "model": "auth.permission",
  "pk": 36,
  "fields": {
    "name": "Can view log entry",
    "content_type": 9,
    "codename": "view_logentry"
  }
},
{
  "model": "auth.permission",
  "pk": 37,
  "fields": {
    "name": "Can add permission",
    "content_type": 10,
    "codename": "add_permission"
  }
},
{
  "model": "auth.permission",
  "pk": 38,
  "fields": {
    "name": "Can change permission",
    "content_type": 10,
    "codename": "change_permission"
  }
},
{
  "model": "auth.permission",
  "pk": 39,
  "fields": {
    "name": "Can delete permission",
    "content_type": 10,
    "codename": "delete_permission"
  }
},
{
  "model": "auth.permission",
  "pk": 40,
  "fields": {
    "name": "Can view permission",
    "content_type": 10,
    "codename": "view_permission"
  }
},
{
  "model": "auth.permission",
  "pk": 41,
  "fields": {
    "name": "Can add group",
    "content_type": 11,
    "codename": "add_group"
  }
},
{
  "model": "auth.permission",
  "pk": 42,
  "fields": {
    "name": "Can change group",
    "content_type": 11,
    "codename": "change_group"
  }
},
{
  "model": "auth.permission",
  "pk": 43,
  "fields": {
    "name": "Can delete group",
    "content_type": 11,
    "codename": "delete_group"
  }
},
{
  "model": "auth.permission",
  "pk": 44,
  "fields": {
    "name": "Can view group",
    "content_type": 11,
    "codename": "view_group"
  }
},
{
  "model": "auth.permission",
  "pk": 45,
  "fields": {
    "name": "Can add content type",
    "content_type": 12,
    "codename": "add_contenttype"
  }
},
{
  "model": "auth.permission",
  "pk": 46,
  "fields": {
    "name": "Can change content type",
    "content_type": 12,
    "codename": "change_contenttype"
  }
},
{
  "model": "auth.permission",
  "pk": 47,
  "fields": {
    "name": "Can delete content type",
    "content_type": 12,
    "codename": "delete_contenttype"
  }
},
{
  "model": "auth.permission",
  "pk": 48,
  "fields": {
    "name": "Can view content type",
    "content_type": 12,
    "codename": "view_contenttype"
  }
},
{
  "model": "auth.permission",
  "pk": 49,
  "fields": {
    "name": "Can add session",
    "content_type": 13,
    "codename": "add_session"
  }
},
{
  "model": "auth.permission",
  "pk": 50,
  "fields": {
    "name": "Can change session",
    "content_type": 13,
    "codename": "change_session"
  }
},
{
  "model": "auth.permission",
  "pk": 51,
  "fields": {
    "name": "Can delete session",
    "content_type": 13,
    "codename": "delete_session"
  }
},
{
  "model": "auth.permission",
  "pk": 52,
  "fields": {
    "name": "Can view session",
    "content_type": 13,
    "codename": "view_session"
  }
},
{
  "model": "contenttypes.contenttype",
  "pk": 1,
  "fields": {
    "app_label": "accounts",
    "model": "user"
  }
},
{
  "model": "contenttypes.contenttype",
  "pk": 2,
  "fields": {
    "app_label": "content",
    "model": "post"
  }
},
{
  "model": "contenttypes.contenttype",
  "pk": 3,
  "fields": {
    "app_label": "content",
    "model": "comment"
  }
},
{
  "model": "contenttypes.contenttype",
  "pk": 4,
  "fields": {
    "app_label": "taggit",
    "model": "tag"
  }
},
{
  "model": "contenttypes.contenttype",
  "pk": 5,
  "fields": {
    "app_label": "taggit",
    "model": "taggeditem"
  }
},
{
  "model": "contenttypes.contenttype",
  "pk": 6,
  "fields": {
    "app_label": "token_blacklist",
    "model": "blacklistedtoken"
  }
},
{
  "model": "contenttypes.contenttype",
  "pk": 7,
  "fields": {
    "app_label": "token_blacklist",
    "model": "outstandingtoken"
  }
},
{
  "model": "contenttypes.contenttype",
  "pk": 8,
  "fields": {
    "app_label": "debug_toolbar",
    "model": "historyentry"
  }
},
{
  "model": "contenttypes.contenttype",
  "pk": 9,
  "fields": {
    "app_label": "admin",
    "model": "logentry"
  }
},
{
  "model": "contenttypes.contenttype",
  "pk": 10,
  "fields": {
    "app_label": "auth",
    "model": "permission"
  }
},
{
  "model": "contenttypes.contenttype",
  "pk": 11,
  "fields": {
    "app_label": "auth",
    "model": "group"
  }
},
{
  "model": "contenttypes.contenttype",
  "pk": 12,
  "fields": {
    "app_label": "contenttypes",
    "model": "contenttype"
  }
},
{
  "model": "contenttypes.contenttype",
  "pk": 13,
  "fields": {
    "app_label": "sessions",
    "model": "session"
  }
}
]
